16:08:45,50,24.4
16:08:46,47,22.9
16:08:47,60,29.3
16:08:48,45,22
16:08:49,49,23.9
16:08:50,54,26.4
16:08:51,46,22.5
16:08:52,40,19.5
16:08:53,50,24.4
16:08:54,50,24.4
16:08:55,50,24.4
16:08:56,59,28.8
16:08:57,49,23.9
16:08:58,62,30.3
16:08:59,58,28.3
16:09:00,47,22.9
16:09:01,54,26.4
16:09:02,61,29.8
16:09:03,47,22.9
16:09:04,50,24.4
16:09:05,55,26.9
16:09:06,46,22.5
16:09:07,60,29.3
16:09:08,49,23.9
16:09:09,57,27.8
16:09:10,42,20.5
16:09:11,49,23.9
16:09:12,56,27.3
16:09:13,64,31.3
16:09:14,51,24.9
16:09:15,53,25.9
16:09:16,57,27.8
16:09:17,51,24.9
16:09:18,60,29.3
16:09:19,64,31.3
16:09:20,52,25.4
16:09:21,58,28.3
16:09:22,46,22.5
16:09:23,58,28.3
16:09:24,51,24.9
16:09:25,59,28.8
16:09:26,65,31.7
16:09:27,53,25.9
16:09:28,40,19.5
16:09:29,59,28.8
16:09:30,46,22.5
16:09:31,56,27.3
16:09:32,46,22.5
16:09:33,42,20.5
16:09:34,46,22.5
16:09:35,49,23.9
16:09:36,64,31.3
16:09:37,62,30.3
16:09:38,56,27.3
16:09:39,50,24.4
16:09:40,48,23.4
16:09:41,45,22
16:09:42,50,24.4
16:09:43,53,25.9
16:09:44,43,21
16:09:45,58,28.3
16:09:46,52,25.4
16:09:47,65,31.7
16:09:48,42,20.5
16:09:49,60,29.3
16:09:50,62,30.3
16:09:51,56,27.3
16:09:52,59,28.8
16:09:53,65,31.7
16:09:54,44,21.5
16:09:55,60,29.3
16:09:56,58,28.3
16:09:57,60,29.3
16:09:58,55,26.9
16:09:59,56,27.3
16:10:00,45,22
16:10:01,55,26.9
16:10:02,48,23.4
16:10:03,40,19.5
16:10:04,49,23.9
16:10:05,65,31.7
16:10:06,55,26.9
16:10:07,56,27.3
16:10:08,54,26.4
16:10:09,63,30.8
16:10:10,55,26.9
16:10:11,59,28.8
16:10:12,49,23.9
16:10:13,52,25.4
16:10:14,48,23.4
16:10:15,62,30.3
16:10:16,46,22.5
16:10:17,58,28.3
16:10:18,59,28.8
16:10:19,48,23.4
16:10:20,40,19.5
16:10:21,61,29.8
16:10:22,50,24.4
16:10:23,56,27.3
16:10:24,49,23.9
16:10:25,60,29.3
16:10:26,43,21
16:10:27,63,30.8
16:10:28,59,28.8
16:10:29,53,25.9
16:10:30,52,25.4
16:10:31,58,28.3
16:10:32,57,27.8
16:10:33,63,30.8
16:10:34,65,31.7
16:10:35,49,23.9
16:10:36,47,22.9
16:10:37,61,29.8
16:10:38,61,29.8
16:10:39,59,28.8
16:10:40,47,22.9
16:10:41,43,21
16:10:42,63,30.8
16:10:43,53,25.9
16:10:44,40,19.5
16:10:45,45,22
16:10:46,65,31.7
16:10:47,51,24.9
16:10:48,42,20.5
16:10:49,61,29.8
16:10:50,60,29.3
16:10:51,63,30.8
16:10:52,41,20
16:10:53,56,27.3
16:10:54,51,24.9
16:10:55,41,20
16:10:56,42,20.5
16:10:57,54,26.4
16:10:58,60,29.3
16:10:59,61,29.8
16:11:00,56,27.3
16:11:01,62,30.3
16:11:02,50,24.4
16:11:03,44,21.5
16:11:04,51,24.9
16:11:05,53,25.9
16:11:06,63,30.8
16:11:07,65,31.7
16:11:08,46,22.5
16:11:09,65,31.7
16:11:10,61,29.8
16:11:11,44,21.5
16:11:12,57,27.8
16:11:13,61,29.8
16:11:14,40,19.5
16:11:15,62,30.3
16:11:16,52,25.4
16:11:17,43,21
16:11:18,55,26.9
16:11:19,54,26.4
16:11:20,51,24.9
16:11:21,56,27.3
16:11:22,47,22.9
16:11:23,54,26.4
16:11:24,64,31.3
16:11:25,56,27.3
16:11:26,51,24.9
16:11:27,43,21
16:11:28,49,23.9
16:11:29,49,23.9
16:11:30,43,21
16:11:31,57,27.8
16:11:32,64,31.3
16:11:33,54,26.4
16:11:34,48,23.4
16:11:35,43,21
16:11:36,54,26.4
16:11:37,47,22.9
16:11:38,62,30.3
16:11:39,62,30.3
16:11:40,53,25.9
16:11:41,56,27.3
16:11:42,46,22.5
16:11:43,55,26.9
16:11:44,63,30.8
16:11:45,60,29.3
16:11:46,58,28.3
16:11:47,58,28.3
16:11:48,54,26.4
16:11:49,46,22.5
16:11:50,43,21
16:11:51,54,26.4
16:11:52,56,27.3
16:11:53,57,27.8
16:11:54,59,28.8
16:11:55,54,26.4
16:11:56,58,28.3
16:11:57,43,21
16:11:58,50,24.4
16:11:59,49,23.9
16:12:00,55,26.9
16:12:01,43,21
16:12:02,44,21.5
16:12:03,57,27.8
16:12:04,42,20.5
16:12:05,51,24.9
16:12:06,49,23.9
16:12:07,51,24.9
16:12:08,53,25.9
16:12:09,60,29.3
16:12:10,52,25.4
16:12:11,52,25.4
16:12:12,54,26.4
16:12:13,44,21.5
16:12:14,62,30.3
16:12:15,41,20
16:12:16,54,26.4
16:12:17,41,20
16:12:18,56,27.3
16:12:19,60,29.3
16:12:20,64,31.3
16:12:21,53,25.9
16:12:22,58,28.3
16:12:23,61,29.8
16:12:24,65,31.7
16:12:25,56,27.3
16:12:26,60,29.3
16:12:27,61,29.8
16:12:28,49,23.9
16:12:29,61,29.8
16:12:30,47,22.9
16:12:31,51,24.9
16:12:32,54,26.4
16:12:33,51,24.9
16:12:34,49,23.9
16:12:35,43,21
16:12:36,61,29.8
16:12:37,56,27.3
16:12:38,60,29.3
16:12:39,41,20
16:12:40,60,29.3
16:12:41,54,26.4
16:12:42,41,20
16:12:43,49,23.9
16:12:44,46,22.5
16:12:45,53,25.9
16:12:46,43,21
16:12:47,41,20
16:12:48,42,20.5
16:12:49,50,24.4
16:12:50,52,25.4
16:12:51,43,21
16:12:52,53,25.9
16:12:53,43,21
16:12:54,49,23.9
16:12:55,59,28.8
16:12:56,46,22.5
16:12:57,56,27.3
16:12:58,45,22
16:12:59,45,22
16:13:00,57,27.8
16:13:01,48,23.4
16:13:02,56,27.3
16:13:03,61,29.8
16:13:04,46,22.5
16:13:05,59,28.8
16:13:06,40,19.5
16:13:07,49,23.9
16:13:08,47,22.9
16:13:09,61,29.8
16:13:10,57,27.8
16:13:11,41,20
16:13:12,40,19.5
16:13:13,41,20
16:13:14,53,25.9
16:13:15,45,22
16:13:16,61,29.8
16:13:17,50,24.4
16:13:18,45,22
16:13:19,61,29.8
16:13:20,52,25.4
16:13:21,57,27.8
16:13:22,43,21
16:13:23,48,23.4
16:13:24,52,25.4
16:13:25,53,25.9
16:13:26,59,28.8
16:13:27,54,26.4
16:13:28,62,30.3
16:13:29,65,31.7
16:13:30,52,25.4
16:13:31,63,30.8
16:13:32,50,24.4
16:13:33,59,28.8
16:13:34,41,20
16:13:35,54,26.4
16:13:36,44,21.5
16:13:37,59,28.8
16:13:38,49,23.9
16:13:39,65,31.7
16:13:40,40,19.5
16:13:41,53,25.9
16:13:42,55,26.9
16:13:43,56,27.3
16:13:44,63,30.8
16:13:45,60,29.3
16:13:46,42,20.5
16:13:47,40,19.5
16:13:48,58,28.3
16:13:49,47,22.9
16:13:50,55,26.9
16:13:51,51,24.9
16:13:52,46,22.5
16:13:53,59,28.8
16:13:54,43,21
16:13:55,56,27.3
16:13:56,40,19.5
16:13:57,58,28.3
16:13:58,50,24.4
16:13:59,48,23.4
16:14:00,49,23.9
16:14:01,49,23.9
16:14:02,42,20.5
16:14:03,54,26.4
16:14:04,52,25.4
16:14:05,57,27.8
16:14:06,48,23.4
16:14:07,47,22.9
16:14:08,63,30.8
16:14:09,57,27.8
16:14:10,61,29.8
16:14:11,65,31.7
16:14:12,62,30.3
16:14:13,55,26.9
16:14:14,41,20
16:14:15,60,29.3
16:14:16,47,22.9
16:14:17,46,22.5
16:14:18,60,29.3
16:14:19,45,22
16:14:20,40,19.5
16:14:21,40,19.5
16:14:22,51,24.9
16:14:23,50,24.4
16:14:24,58,28.3
16:14:25,43,21
16:14:26,55,26.9
16:14:27,45,22
16:14:28,51,24.9
16:14:29,49,23.9
16:14:30,49,23.9
16:14:31,54,26.4
16:14:32,65,31.7
16:14:33,54,26.4
16:14:34,52,25.4
16:14:35,43,21
16:14:36,63,30.8
16:14:37,65,31.7
16:14:38,49,23.9
16:14:39,64,31.3
16:14:40,63,30.8
16:14:41,65,31.7
16:14:42,41,20
16:14:43,55,26.9
16:14:44,45,22
16:14:45,55,26.9
16:14:46,60,29.3
16:14:47,57,27.8
16:14:48,50,24.4
16:14:49,56,27.3
16:14:50,44,21.5
16:14:51,65,31.7
16:14:52,48,23.4
16:14:53,45,22
16:14:54,40,19.5
16:14:55,62,30.3
16:14:56,62,30.3
16:14:57,50,24.4
16:14:58,44,21.5
16:14:59,49,23.9
16:15:00,50,24.4
16:15:01,53,25.9
16:15:02,54,26.4
16:15:03,45,22
16:15:04,62,30.3
16:15:05,62,30.3
16:15:06,41,20
16:15:07,59,28.8
16:15:08,48,23.4
16:15:09,40,19.5
16:15:10,63,30.8
16:15:11,53,25.9
16:15:12,51,24.9
16:15:13,47,22.9
16:15:14,49,23.9
16:15:15,54,26.4
16:15:16,58,28.3
16:15:17,48,23.4
16:15:18,51,24.9
16:15:19,49,23.9
16:15:20,49,23.9
16:15:21,62,30.3
16:15:22,44,21.5
16:15:23,55,26.9
16:15:24,48,23.4
16:15:25,54,26.4
16:15:26,56,27.3
16:15:27,64,31.3
16:15:28,48,23.4
16:15:29,56,27.3
16:15:30,40,19.5
16:15:31,62,30.3
16:15:32,65,31.7
16:15:33,44,21.5
16:15:34,52,25.4
16:15:35,44,21.5
16:15:36,48,23.4
16:15:37,46,22.5
16:15:38,43,21
16:15:39,51,24.9
16:15:40,58,28.3
16:15:41,53,25.9
16:15:42,50,24.4
16:15:43,40,19.5
16:15:44,56,27.3
16:15:45,47,22.9
16:15:46,64,31.3
16:15:47,56,27.3
16:15:48,41,20
16:15:49,60,29.3
16:15:50,57,27.8
16:15:51,64,31.3
16:15:52,64,31.3
16:15:53,41,20
16:15:54,64,31.3
16:15:55,47,22.9
16:15:56,48,23.4
16:15:57,51,24.9
16:15:58,54,26.4
16:15:59,48,23.4
16:16:00,41,20
16:16:01,49,23.9
16:16:02,65,31.7
16:16:03,50,24.4
16:16:04,57,27.8
16:16:05,48,23.4
16:16:06,64,31.3
16:16:07,55,26.9
16:16:08,52,25.4
16:16:09,55,26.9
16:16:10,63,30.8
16:16:11,63,30.8
16:16:12,44,21.5
16:16:13,56,27.3
16:16:14,48,23.4
16:16:15,53,25.9
16:16:16,48,23.4
16:16:17,55,26.9
16:16:18,60,29.3
16:16:19,56,27.3
16:16:20,47,22.9
16:16:21,64,31.3
16:16:22,59,28.8
16:16:23,53,25.9
16:16:24,65,31.7
16:16:25,60,29.3
16:16:26,62,30.3
16:16:27,54,26.4
16:16:28,51,24.9
16:16:29,58,28.3
16:16:30,55,26.9
16:16:31,41,20
16:16:32,46,22.5
16:16:33,41,20
16:16:34,48,23.4
16:16:35,56,27.3
16:16:36,42,20.5
16:16:37,65,31.7
16:16:38,52,25.4
16:16:39,61,29.8
16:16:40,58,28.3
16:16:41,63,30.8
16:16:42,55,26.9
16:16:43,61,29.8
16:16:44,40,19.5
16:16:45,42,20.5
16:16:46,43,21
16:16:47,55,26.9
16:16:48,52,25.4
16:16:49,64,31.3
16:16:50,45,22
16:16:51,45,22
16:16:52,65,31.7
16:16:53,60,29.3
16:16:54,48,23.4
16:16:55,62,30.3
16:16:56,51,24.9
16:16:57,59,28.8
16:16:58,56,27.3
16:16:59,55,26.9
16:17:00,64,31.3
16:17:01,50,24.4
16:17:02,64,31.3
16:17:03,46,22.5
16:17:04,48,23.4
16:17:05,52,25.4
16:17:06,41,20
16:17:07,42,20.5
16:17:08,62,30.3
16:17:09,65,31.7
16:17:10,55,26.9
16:17:11,53,25.9
16:17:12,45,22
16:17:13,64,31.3
16:17:14,52,25.4
16:17:15,42,20.5
16:17:16,53,25.9
16:17:17,58,28.3
16:17:18,44,21.5
16:17:19,65,31.7
16:17:20,41,20
16:17:21,42,20.5
16:17:22,55,26.9
16:17:23,43,21
16:17:24,61,29.8
16:17:25,42,20.5
16:17:26,51,24.9
16:17:27,44,21.5
16:17:28,41,20
16:17:29,62,30.3
16:17:30,55,26.9
16:17:31,50,24.4
16:17:32,44,21.5
16:17:33,50,24.4
16:17:34,51,24.9
16:17:35,44,21.5
16:17:36,46,22.5
16:17:37,50,24.4
16:17:38,57,27.8
16:17:39,41,20
16:17:40,42,20.5
16:17:41,40,19.5
16:17:42,58,28.3
16:17:43,47,22.9
16:17:44,44,21.5
16:17:45,46,22.5
16:17:46,59,28.8
16:17:47,42,20.5
16:17:48,45,22
16:17:49,45,22
16:17:50,42,20.5
16:17:51,51,24.9
16:17:52,45,22
16:17:53,43,21
16:17:54,55,26.9
16:17:55,45,22
16:17:56,52,25.4
16:17:57,50,24.4
16:17:58,62,30.3
16:17:59,48,23.4
16:18:00,42,20.5
16:18:01,49,23.9
16:18:02,59,28.8
16:18:03,60,29.3
16:18:04,47,22.9
16:18:05,45,22
16:18:06,47,22.9
16:18:07,65,31.7
16:18:08,54,26.4
16:18:09,51,24.9
16:18:10,56,27.3
16:18:11,64,31.3
16:18:12,56,27.3
16:18:13,55,26.9
16:18:14,56,27.3
16:18:15,62,30.3
16:18:16,48,23.4
16:18:17,50,24.4
16:18:18,58,28.3
16:18:19,42,20.5
16:18:20,64,31.3
16:18:21,53,25.9
16:18:22,61,29.8
16:18:23,45,22
16:18:24,44,21.5
16:18:25,53,25.9
16:18:26,57,27.8
16:18:27,58,28.3
16:18:28,54,26.4
16:18:29,55,26.9
16:18:30,43,21
16:18:31,47,22.9
16:18:32,64,31.3
16:18:33,45,22
16:18:34,51,24.9
16:18:35,50,24.4
16:18:36,42,20.5
16:18:37,45,22
16:18:38,57,27.8
16:18:39,57,27.8
16:18:40,44,21.5
16:18:41,47,22.9
16:18:42,63,30.8
16:18:43,61,29.8
16:18:44,42,20.5
16:18:45,44,21.5
16:18:46,49,23.9
16:18:47,54,26.4
16:18:48,46,22.5
16:18:49,59,28.8
16:18:50,43,21
16:18:51,61,29.8
16:18:52,56,27.3
16:18:53,46,22.5
16:18:54,47,22.9
16:18:55,51,24.9
16:18:56,65,31.7
16:18:57,51,24.9
16:18:58,53,25.9
16:18:59,61,29.8
16:19:00,45,22
16:19:01,60,29.3
16:19:02,58,28.3
16:19:03,50,24.4
16:19:04,62,30.3
16:19:05,59,28.8
16:19:06,64,31.3
16:19:07,42,20.5
16:19:08,50,24.4
16:19:09,65,31.7
16:19:10,57,27.8
16:19:11,65,31.7
16:19:12,52,25.4
16:19:13,56,27.3
16:19:14,50,24.4
16:19:15,41,20
16:19:16,40,19.5
16:19:17,44,21.5
16:19:18,52,25.4
16:19:19,60,29.3
16:19:20,53,25.9
16:19:21,40,19.5
16:19:22,41,20
16:19:23,42,20.5
16:19:24,50,24.4
16:19:25,56,27.3
16:19:26,53,25.9
16:19:27,61,29.8
16:19:28,59,28.8
16:19:29,62,30.3
16:19:30,42,20.5
16:19:31,49,23.9
16:19:32,41,20
16:19:33,45,22
16:19:34,53,25.9
16:19:35,52,25.4
16:19:36,47,22.9
16:19:37,40,19.5
16:19:38,46,22.5
16:19:39,57,27.8
16:19:40,44,21.5
16:19:41,40,19.5
16:19:42,60,29.3
16:19:43,65,31.7
16:19:44,48,23.4
16:19:45,43,21
16:19:46,51,24.9
16:19:47,53,25.9
16:19:48,60,29.3
16:19:49,58,28.3
16:19:50,53,25.9
16:19:51,49,23.9
16:19:52,55,26.9
16:19:53,64,31.3
16:19:54,58,28.3
16:19:55,41,20
16:19:56,62,30.3
16:19:57,56,27.3
16:19:58,49,23.9
16:19:59,56,27.3
16:20:00,54,26.4
16:20:01,52,25.4
16:20:02,61,29.8
16:20:03,48,23.4
16:20:04,51,24.9
16:20:05,63,30.8
16:20:06,62,30.3
16:20:07,52,25.4
16:20:08,41,20
16:20:09,41,20
16:20:10,44,21.5
16:20:11,48,23.4
16:20:12,52,25.4
16:20:13,59,28.8
16:20:14,41,20
16:20:15,54,26.4
16:20:16,44,21.5
16:20:17,58,28.3
16:20:18,51,24.9
16:20:19,43,21
16:20:20,48,23.4
16:20:21,42,20.5
16:20:22,45,22
16:20:23,60,29.3
16:20:24,51,24.9
16:20:25,46,22.5
16:20:26,55,26.9
16:20:27,46,22.5
16:20:28,50,24.4
16:20:29,60,29.3
16:20:30,58,28.3
16:20:31,61,29.8
16:20:32,53,25.9
16:20:33,49,23.9
16:20:34,52,25.4
16:20:35,58,28.3
16:20:36,48,23.4
16:20:37,42,20.5
16:20:38,42,20.5
16:20:39,54,26.4
16:20:40,46,22.5
16:20:41,48,23.4
16:20:42,43,21
16:20:43,65,31.7
16:20:44,55,26.9
16:20:45,48,23.4
16:20:46,42,20.5
16:20:47,49,23.9
16:20:48,41,20
16:20:49,53,25.9
16:20:50,49,23.9
16:20:51,42,20.5
16:20:52,40,19.5
16:20:53,54,26.4
16:20:54,49,23.9
16:20:55,43,21
16:20:56,58,28.3
16:20:57,50,24.4
16:20:58,53,25.9
16:20:59,49,23.9
16:21:00,50,24.4
16:21:01,48,23.4
16:21:02,50,24.4
16:21:03,50,24.4
16:21:04,46,22.5
16:21:05,50,24.4
16:21:06,41,20
16:21:07,57,27.8
16:21:08,43,21
16:21:09,57,27.8
16:21:10,51,24.9
16:21:11,57,27.8
16:21:12,60,29.3
16:21:13,48,23.4
16:21:14,57,27.8
16:21:15,59,28.8
16:21:16,58,28.3
16:21:17,50,24.4
16:21:18,50,24.4
16:21:19,65,31.7
16:21:20,64,31.3
16:21:21,62,30.3
16:21:22,54,26.4
16:21:23,48,23.4
16:21:24,52,25.4
16:21:25,53,25.9
16:21:26,44,21.5
16:21:27,47,22.9
16:21:28,46,22.5
16:21:29,45,22
16:21:30,50,24.4
16:21:31,56,27.3
16:21:32,62,30.3
16:21:33,57,27.8
16:21:34,50,24.4
16:21:35,46,22.5
16:21:36,49,23.9
16:21:37,51,24.9
16:21:38,40,19.5
16:21:39,44,21.5
16:21:40,56,27.3
16:21:41,61,29.8
16:21:42,64,31.3
16:21:43,48,23.4
16:21:44,41,20
16:21:45,62,30.3
16:21:46,56,27.3
16:21:47,50,24.4
16:21:48,44,21.5
16:21:49,42,20.5
16:21:50,53,25.9
16:21:51,49,23.9
16:21:52,61,29.8
16:21:53,63,30.8
16:21:54,51,24.9
16:21:55,40,19.5
16:21:56,62,30.3
16:21:57,62,30.3
16:21:58,59,28.8
16:21:59,58,28.3
16:22:00,40,19.5
16:22:01,54,26.4
16:22:02,51,24.9
16:22:03,57,27.8
16:22:04,64,31.3
16:22:05,60,29.3
16:22:06,51,24.9
16:22:07,52,25.4
16:22:08,47,22.9
16:22:09,64,31.3
16:22:10,46,22.5
16:22:11,40,19.5
16:22:12,52,25.4
16:22:13,54,26.4
16:22:14,51,24.9
16:22:15,52,25.4
16:22:16,50,24.4
16:22:17,55,26.9
16:22:18,43,21
16:22:19,41,20
16:22:20,46,22.5
16:22:21,63,30.8
16:22:22,58,28.3
16:22:23,46,22.5
16:22:24,59,28.8
16:22:25,44,21.5
16:22:26,43,21
16:22:27,54,26.4
16:22:28,49,23.9
16:22:29,63,30.8
16:22:30,55,26.9
16:22:31,52,25.4
16:22:32,46,22.5
16:22:33,47,22.9
16:22:34,42,20.5
16:22:35,43,21
16:22:36,56,27.3
16:22:37,57,27.8
16:22:38,49,23.9
16:22:39,65,31.7
16:22:40,44,21.5
16:22:41,40,19.5
16:22:42,48,23.4
16:22:43,40,19.5
16:22:44,59,28.8
16:22:45,41,20
16:22:46,59,28.8
16:22:47,48,23.4
16:22:48,41,20
16:22:49,43,21
16:22:50,41,20
16:22:51,65,31.7
16:22:52,53,25.9
16:22:53,42,20.5
16:22:54,48,23.4
16:22:55,50,24.4
16:22:56,44,21.5
16:22:57,48,23.4
16:22:58,63,30.8
16:22:59,50,24.4
16:23:00,42,20.5
16:23:01,50,24.4
16:23:02,40,19.5
16:23:03,46,22.5
16:23:04,47,22.9
16:23:05,43,21
16:23:06,41,20
16:23:07,43,21
16:23:08,43,21
16:23:09,54,26.4
16:23:10,46,22.5
16:23:11,63,30.8
16:23:12,41,20
16:23:13,61,29.8
16:23:14,43,21
16:23:15,48,23.4
16:23:16,54,26.4
16:23:17,48,23.4
16:23:18,51,24.9
16:23:19,47,22.9
16:23:20,55,26.9
16:23:21,40,19.5
16:23:22,45,22
16:23:23,42,20.5
16:23:24,55,26.9
16:23:25,54,26.4
16:23:26,51,24.9
16:23:27,57,27.8
16:23:28,51,24.9
16:23:29,46,22.5
16:23:30,56,27.3
16:23:31,61,29.8
16:23:32,49,23.9
16:23:33,43,21
16:23:34,56,27.3
16:23:35,40,19.5
16:23:36,43,21
16:23:37,55,26.9
16:23:38,49,23.9
16:23:39,42,20.5
16:23:40,59,28.8
16:23:41,45,22
16:23:42,45,22
16:23:43,56,27.3
16:23:44,57,27.8
16:23:45,58,28.3
16:23:46,46,22.5
16:23:47,56,27.3
16:23:48,43,21
16:23:49,65,31.7
16:23:50,60,29.3
16:23:51,61,29.8
16:23:52,44,21.5
16:23:53,41,20
16:23:54,60,29.3
16:23:55,53,25.9
16:23:56,65,31.7
16:23:57,63,30.8
16:23:58,54,26.4
16:23:59,62,30.3
16:24:00,54,26.4
16:24:01,49,23.9
16:24:02,47,22.9
16:24:03,55,26.9
16:24:04,57,27.8
16:24:05,56,27.3
16:24:06,44,21.5
16:24:07,55,26.9
16:24:08,50,24.4
16:24:09,41,20
16:24:10,42,20.5
16:24:11,56,27.3
16:24:12,40,19.5
16:24:13,42,20.5
16:24:14,49,23.9
16:24:15,54,26.4
16:24:16,53,25.9
16:24:17,57,27.8
16:24:18,58,28.3
16:24:19,64,31.3
16:24:20,50,24.4
16:24:21,42,20.5
16:24:22,46,22.5
16:24:23,56,27.3
16:24:24,55,26.9
16:24:25,43,21
16:24:26,59,28.8
16:24:27,42,20.5
16:24:28,58,28.3
16:24:29,53,25.9
16:24:30,45,22
16:24:31,44,21.5
16:24:32,50,24.4
16:24:33,58,28.3
16:24:34,61,29.8
16:24:35,48,23.4
16:24:36,51,24.9
16:24:37,56,27.3
16:24:38,40,19.5
16:24:39,62,30.3
16:24:40,52,25.4
16:24:41,40,19.5
16:24:42,47,22.9
16:24:43,63,30.8
16:24:44,64,31.3
16:24:45,64,31.3
16:24:46,56,27.3
16:24:47,46,22.5
16:24:48,44,21.5
16:24:49,45,22
16:24:50,64,31.3
16:24:51,52,25.4
16:24:52,64,31.3
16:24:53,44,21.5
16:24:54,51,24.9
16:24:55,55,26.9
16:24:56,57,27.8
16:24:57,45,22
16:24:58,52,25.4
16:24:59,55,26.9
16:25:00,62,30.3
16:25:01,47,22.9
16:25:02,54,26.4
16:25:03,54,26.4
16:25:04,60,29.3
16:25:05,43,21
16:25:06,52,25.4
16:25:07,42,20.5
16:25:08,51,24.9
16:25:09,46,22.5
16:25:10,44,21.5
16:25:11,42,20.5
16:25:12,65,31.7
16:25:13,45,22
16:25:14,62,30.3
16:25:15,61,29.8
16:25:16,54,26.4
16:25:17,44,21.5
16:25:18,50,24.4
16:25:19,62,30.3
16:25:20,48,23.4
16:25:21,58,28.3
16:25:22,43,21
16:25:23,62,30.3
16:25:24,50,24.4
16:25:25,63,30.8
16:25:26,53,25.9
16:25:27,40,19.5
16:25:28,45,22
16:25:29,59,28.8
16:25:30,47,22.9
16:25:31,49,23.9
16:25:32,53,25.9
16:25:33,41,20
16:25:34,55,26.9
16:25:35,40,19.5
16:25:36,57,27.8
16:25:37,44,21.5
16:25:38,42,20.5
16:25:39,64,31.3
16:25:40,59,28.8
16:25:41,42,20.5
16:25:42,63,30.8
16:25:43,49,23.9
16:25:44,40,19.5
16:25:45,48,23.4
16:25:46,46,22.5
16:25:47,43,21
16:25:48,59,28.8
16:25:49,59,28.8
16:25:50,58,28.3
16:25:51,47,22.9
16:25:52,55,26.9
16:25:53,57,27.8
16:25:54,46,22.5
16:25:55,49,23.9
16:25:56,64,31.3
16:25:57,42,20.5
16:25:58,48,23.4
16:25:59,46,22.5
16:26:00,44,21.5
16:26:01,51,24.9
16:26:02,59,28.8
16:26:03,41,20
16:26:04,61,29.8
16:26:05,54,26.4
16:26:06,49,23.9
16:26:07,50,24.4
16:26:08,58,28.3
16:26:09,45,22
16:26:10,62,30.3
16:26:11,43,21
16:26:12,45,22
16:26:13,63,30.8
16:26:14,58,28.3
16:26:15,44,21.5
16:26:16,40,19.5
16:26:17,47,22.9
16:26:18,58,28.3
16:26:19,60,29.3
16:26:20,60,29.3
16:26:21,59,28.8
16:26:22,56,27.3
16:26:23,65,31.7
16:26:24,57,27.8
16:26:25,63,30.8
16:26:26,65,31.7
16:26:27,58,28.3
16:26:28,41,20
16:26:29,55,26.9
16:26:30,56,27.3
16:26:31,54,26.4
16:26:32,46,22.5
16:26:33,57,27.8
16:26:34,46,22.5
16:26:35,48,23.4
16:26:36,62,30.3
16:26:37,60,29.3
16:26:38,65,31.7
16:26:39,65,31.7
16:26:40,57,27.8
16:26:41,64,31.3
16:26:42,65,31.7
16:26:43,54,26.4
16:26:44,41,20
16:26:45,60,29.3
16:26:46,65,31.7
16:26:47,62,30.3
16:26:48,53,25.9
16:26:49,47,22.9
16:26:50,44,21.5
16:26:51,48,23.4
16:26:52,63,30.8
16:26:53,65,31.7
16:26:54,47,22.9
16:26:55,51,24.9
16:26:56,63,30.8
16:26:57,65,31.7
16:26:58,62,30.3
16:26:59,40,19.5
16:27:00,58,28.3
16:27:01,53,25.9
16:27:02,40,19.5
16:27:03,59,28.8
16:27:04,51,24.9
16:27:05,63,30.8
16:27:06,57,27.8
16:27:07,45,22
16:27:08,43,21
16:27:09,43,21
16:27:10,63,30.8
16:27:11,57,27.8
16:27:12,42,20.5
16:27:13,49,23.9
16:27:14,65,31.7
16:27:15,59,28.8
16:27:16,53,25.9
16:27:17,58,28.3
16:27:18,50,24.4
16:27:19,49,23.9
16:27:20,58,28.3
16:27:21,41,20
16:27:22,62,30.3
16:27:23,46,22.5
16:27:24,43,21
16:27:25,57,27.8
16:27:26,62,30.3
16:27:27,41,20
16:27:28,64,31.3
16:27:29,57,27.8
16:27:30,40,19.5
16:27:31,41,20
16:27:32,55,26.9
16:27:33,50,24.4
16:27:34,44,21.5
16:27:35,63,30.8
16:27:36,65,31.7
16:27:37,59,28.8
16:27:38,49,23.9
16:27:39,56,27.3
16:27:40,43,21
16:27:41,53,25.9
16:27:42,64,31.3
16:27:43,61,29.8
16:27:44,58,28.3
16:27:45,57,27.8
16:27:46,45,22
16:27:47,40,19.5
16:27:48,65,31.7
16:27:49,61,29.8
16:27:50,52,25.4
16:27:51,54,26.4
16:27:52,49,23.9
16:27:53,49,23.9
16:27:54,55,26.9
16:27:55,56,27.3
16:27:56,54,26.4
16:27:57,51,24.9
16:27:58,45,22
16:27:59,52,25.4
16:28:00,53,25.9
16:28:01,46,22.5
16:28:02,46,22.5
16:28:03,65,31.7
16:28:04,50,24.4
16:28:05,53,25.9
16:28:06,56,27.3
16:28:07,47,22.9
16:28:08,42,20.5
16:28:09,50,24.4
16:28:10,52,25.4
16:28:11,53,25.9
16:28:12,64,31.3
16:28:13,57,27.8
16:28:14,54,26.4
16:28:15,63,30.8
16:28:16,52,25.4
16:28:17,53,25.9
16:28:18,62,30.3
16:28:19,42,20.5
16:28:20,55,26.9
16:28:21,63,30.8
16:28:22,57,27.8
16:28:23,63,30.8
16:28:24,51,24.9
16:28:25,42,20.5
16:28:26,53,25.9
16:28:27,48,23.4
16:28:28,60,29.3
16:28:29,53,25.9
16:28:30,61,29.8
16:28:31,44,21.5
16:28:32,57,27.8
16:28:33,43,21
16:28:34,55,26.9
16:28:35,47,22.9
16:28:36,60,29.3
16:28:37,60,29.3
16:28:38,41,20
16:28:39,55,26.9
16:28:40,64,31.3
16:28:41,64,31.3
16:28:42,40,19.5
16:28:43,63,30.8
16:28:44,59,28.8
16:28:45,42,20.5
16:28:46,57,27.8
16:28:47,63,30.8
16:28:48,51,24.9
16:28:49,41,20
16:28:50,61,29.8
16:28:51,51,24.9
16:28:52,43,21
16:28:53,45,22
16:28:54,62,30.3
16:28:55,52,25.4
16:28:56,50,24.4
16:28:57,61,29.8
16:28:58,60,29.3
16:28:59,57,27.8
16:29:00,57,27.8
16:29:01,42,20.5
16:29:02,63,30.8
16:29:03,65,31.7
16:29:04,60,29.3
16:29:05,49,23.9
16:29:06,50,24.4
16:29:07,52,25.4
16:29:08,50,24.4
16:29:09,59,28.8
16:29:10,57,27.8
16:29:11,53,25.9
16:29:12,40,19.5
16:29:13,56,27.3
16:29:14,55,26.9
16:29:15,57,27.8
16:29:16,56,27.3
16:29:17,61,29.8
16:29:18,45,22
16:29:19,47,22.9
16:29:20,43,21
16:29:21,49,23.9
16:29:22,62,30.3
16:29:23,50,24.4
16:29:24,49,23.9
16:29:25,45,22
16:29:26,42,20.5
16:29:27,50,24.4
16:29:28,61,29.8
16:29:29,65,31.7
16:29:30,44,21.5
16:29:31,59,28.8
16:29:32,47,22.9
16:29:33,58,28.3
16:29:34,47,22.9
16:29:35,53,25.9
16:29:36,40,19.5
16:29:37,49,23.9
16:29:38,61,29.8
16:29:39,57,27.8
16:29:40,61,29.8
16:29:41,41,20
16:29:42,54,26.4
16:29:43,60,29.3
16:29:44,41,20
16:29:45,46,22.5
16:29:46,62,30.3
16:29:47,59,28.8
16:29:48,59,28.8
16:29:49,60,29.3
16:29:50,53,25.9
16:29:51,59,28.8
16:29:52,41,20
16:29:53,43,21
16:29:54,58,28.3
16:29:55,60,29.3
16:29:56,60,29.3
16:29:57,52,25.4
16:29:58,58,28.3
16:29:59,56,27.3
16:30:00,56,27.3
16:30:01,65,31.7
16:30:02,57,27.8
16:30:03,44,21.5
16:30:04,52,25.4
16:30:05,49,23.9
16:30:06,64,31.3
16:30:07,60,29.3
16:30:08,52,25.4
16:30:09,51,24.9
16:30:10,45,22
16:30:11,42,20.5
16:30:12,46,22.5
16:30:13,57,27.8
16:30:14,48,23.4
16:30:15,56,27.3
16:30:16,49,23.9
16:30:17,60,29.3
16:30:18,45,22
16:30:19,63,30.8
16:30:20,60,29.3
16:30:21,54,26.4
16:30:22,40,19.5
16:30:23,65,31.7
16:30:24,52,25.4
16:30:25,63,30.8
16:30:26,63,30.8
16:30:27,54,26.4
16:30:28,57,27.8
16:30:29,62,30.3
16:30:30,44,21.5
16:30:31,58,28.3
16:30:32,58,28.3
16:30:33,64,31.3
16:30:34,63,30.8
16:30:35,43,21
16:30:36,47,22.9
16:30:37,55,26.9
16:30:38,56,27.3
16:30:39,56,27.3
16:30:40,45,22
16:30:41,65,31.7
16:30:42,46,22.5
16:30:43,62,30.3
16:30:44,54,26.4
16:30:45,55,26.9
16:30:46,55,26.9
16:30:47,51,24.9
16:30:48,63,30.8
16:30:49,46,22.5
16:30:50,49,23.9
16:30:51,41,20
16:30:52,49,23.9
16:30:53,61,29.8
16:30:54,59,28.8
16:30:55,44,21.5
16:30:56,57,27.8
16:30:57,46,22.5
16:30:58,47,22.9
16:30:59,40,19.5
16:31:00,47,22.9
16:31:01,52,25.4
16:31:02,62,30.3
16:31:03,59,28.8
16:31:04,58,28.3
16:31:05,63,30.8
16:31:06,58,28.3
16:31:07,52,25.4
16:31:08,55,26.9
16:31:09,43,21
16:31:10,47,22.9
16:31:11,48,23.4
16:31:12,47,22.9
16:31:13,59,28.8
16:31:14,45,22
16:31:15,41,20
16:31:16,54,26.4
16:31:17,64,31.3
16:31:18,49,23.9
16:31:19,63,30.8
16:31:20,48,23.4
16:31:21,40,19.5
16:31:22,65,31.7
16:31:23,43,21
16:31:24,43,21
16:31:25,58,28.3
16:31:26,50,24.4
16:31:27,46,22.5
16:31:28,49,23.9
16:31:29,58,28.3
16:31:30,60,29.3
16:31:31,43,21
16:31:32,47,22.9
16:31:33,60,29.3
16:31:34,47,22.9
16:31:35,57,27.8
16:31:36,61,29.8
16:31:37,63,30.8
16:31:38,51,24.9
16:31:39,42,20.5
16:31:40,57,27.8
16:31:41,55,26.9
16:31:42,46,22.5
16:31:43,57,27.8
16:31:44,54,26.4
16:31:45,62,30.3
16:31:46,55,26.9
16:31:47,51,24.9
16:31:48,55,26.9
16:31:49,45,22
16:31:50,51,24.9
16:31:51,49,23.9
16:31:52,48,23.4
16:31:53,58,28.3
16:31:54,46,22.5
16:31:55,44,21.5
16:31:56,58,28.3
16:31:57,41,20
16:31:58,60,29.3
16:31:59,65,31.7
16:32:00,64,31.3
16:32:01,61,29.8
16:32:02,50,24.4
16:32:03,59,28.8
16:32:04,56,27.3
16:32:05,50,24.4
16:32:06,52,25.4
16:32:07,62,30.3
16:32:08,62,30.3
16:32:09,64,31.3
16:32:10,58,28.3
16:32:11,52,25.4
16:32:12,54,26.4
16:32:13,65,31.7
16:32:14,63,30.8
16:32:15,40,19.5
16:32:16,64,31.3
16:32:17,54,26.4
16:32:18,55,26.9
16:32:19,40,19.5
16:32:20,45,22
16:32:21,54,26.4
16:32:22,65,31.7
16:32:23,49,23.9
16:32:24,48,23.4
16:32:25,56,27.3
16:32:26,44,21.5
16:32:27,63,30.8
16:32:28,58,28.3
16:32:29,40,19.5
16:32:30,53,25.9
16:32:31,50,24.4
16:32:32,43,21
16:32:33,54,26.4
16:32:34,61,29.8
16:32:35,44,21.5
16:32:36,52,25.4
16:32:37,45,22
16:32:38,57,27.8
16:32:39,63,30.8
16:32:40,64,31.3
16:32:41,60,29.3
16:32:42,44,21.5
16:32:43,65,31.7
16:32:44,63,30.8
16:32:45,62,30.3
16:32:46,49,23.9
16:32:47,46,22.5
16:32:48,52,25.4
16:32:49,49,23.9
16:32:50,53,25.9
16:32:51,56,27.3
16:32:52,64,31.3
16:32:53,61,29.8
16:32:54,47,22.9
16:32:55,58,28.3
16:32:56,63,30.8
16:32:57,48,23.4
16:32:58,54,26.4
16:32:59,48,23.4
16:33:00,53,25.9
16:33:01,47,22.9
16:33:02,64,31.3
16:33:03,60,29.3
16:33:04,56,27.3
16:33:05,43,21
16:33:06,41,20
16:33:07,49,23.9
16:33:08,63,30.8
16:33:09,54,26.4
16:33:10,62,30.3
16:33:11,57,27.8
16:33:12,65,31.7
16:33:13,59,28.8
16:33:14,42,20.5
16:33:15,56,27.3
16:33:16,58,28.3
16:33:17,50,24.4
16:33:18,41,20
16:33:19,50,24.4
16:33:20,64,31.3
16:33:21,56,27.3
16:33:22,61,29.8
16:33:23,56,27.3
16:33:24,59,28.8
16:33:25,45,22
16:33:26,49,23.9
16:33:27,61,29.8
16:33:28,58,28.3
16:33:29,58,28.3
16:33:30,53,25.9
16:33:31,45,22
16:33:32,47,22.9
16:33:33,41,20
16:33:34,50,24.4
16:33:35,48,23.4
16:33:36,58,28.3
16:33:37,50,24.4
16:33:38,60,29.3
16:33:39,52,25.4
16:33:40,58,28.3
16:33:41,46,22.5
16:33:42,45,22
16:33:43,44,21.5
16:33:44,65,31.7
16:33:45,54,26.4
16:33:46,49,23.9
16:33:47,55,26.9
16:33:48,43,21
16:33:49,46,22.5
16:33:50,46,22.5
16:33:51,53,25.9
16:33:52,63,30.8
16:33:53,64,31.3
16:33:54,45,22
16:33:55,51,24.9
16:33:56,41,20
16:33:57,52,25.4
16:33:58,61,29.8
16:33:59,42,20.5
16:34:00,57,27.8
16:34:01,43,21
16:34:02,44,21.5
16:34:03,50,24.4
16:34:04,55,26.9
16:34:05,61,29.8
16:34:06,53,25.9
16:34:07,59,28.8
16:34:08,55,26.9
16:34:09,64,31.3
16:34:10,59,28.8
16:34:11,57,27.8
16:34:12,43,21
16:34:13,55,26.9
16:34:14,53,25.9
16:34:15,54,26.4
16:34:16,47,22.9
16:34:17,51,24.9
16:34:18,50,24.4
16:34:19,45,22
16:34:20,41,20
16:34:21,43,21
16:34:22,47,22.9
16:34:23,50,24.4
16:34:24,44,21.5
16:34:25,47,22.9
16:34:26,52,25.4
16:34:27,44,21.5
16:34:28,54,26.4
16:34:29,54,26.4
16:34:30,60,29.3
16:34:31,49,23.9
16:34:32,42,20.5
16:34:33,58,28.3
16:34:34,52,25.4
16:34:35,44,21.5
16:34:36,53,25.9
16:34:37,46,22.5
16:34:38,40,19.5
16:34:39,53,25.9
16:34:40,65,31.7
16:34:41,61,29.8
16:34:42,47,22.9
16:34:43,57,27.8
16:34:44,45,22
16:34:45,50,24.4
16:34:46,50,24.4
16:34:47,46,22.5
16:34:48,46,22.5
16:34:49,50,24.4
16:34:50,48,23.4
16:34:51,65,31.7
16:34:52,46,22.5
16:34:53,47,22.9
16:34:54,53,25.9
16:34:55,58,28.3
16:34:56,49,23.9
16:34:57,47,22.9
16:34:58,50,24.4
16:34:59,46,22.5
16:35:00,62,30.3
16:35:01,45,22
16:35:02,51,24.9
16:35:03,50,24.4
16:35:04,62,30.3
16:35:05,47,22.9
16:35:06,41,20
16:35:07,42,20.5
16:35:08,40,19.5
16:35:09,59,28.8
16:35:10,46,22.5
16:35:11,45,22
16:35:12,43,21
16:35:13,46,22.5
16:35:14,54,26.4
16:35:15,63,30.8
16:35:16,42,20.5
16:35:17,55,26.9
16:35:18,42,20.5
16:35:19,63,30.8
16:35:20,41,20
16:35:21,48,23.4
16:35:22,41,20
16:35:23,49,23.9
16:35:24,63,30.8
16:35:25,54,26.4
16:35:26,50,24.4
16:35:27,62,30.3
16:35:28,57,27.8
16:35:29,54,26.4
16:35:30,54,26.4
16:35:31,42,20.5
16:35:32,44,21.5
16:35:33,45,22
16:35:34,41,20
16:35:35,50,24.4
16:35:36,57,27.8
16:35:37,63,30.8
16:35:38,41,20
16:35:39,64,31.3
16:35:40,59,28.8
16:35:41,45,22
16:35:42,50,24.4
16:35:43,53,25.9
16:35:44,42,20.5
16:35:45,64,31.3
16:35:46,51,24.9
16:35:47,44,21.5
16:35:48,55,26.9
16:35:49,55,26.9
16:35:50,48,23.4
16:35:51,60,29.3
16:35:52,42,20.5
16:35:53,64,31.3
16:35:54,45,22
16:35:55,52,25.4
16:35:56,46,22.5
16:35:57,47,22.9
16:35:58,55,26.9
16:35:59,49,23.9
16:36:00,61,29.8
16:36:01,58,28.3
16:36:02,57,27.8
16:36:03,63,30.8
16:36:04,49,23.9
16:36:05,50,24.4
16:36:06,62,30.3
16:36:07,63,30.8
16:36:08,50,24.4
16:36:09,58,28.3
16:36:10,65,31.7
16:36:11,44,21.5
16:36:12,62,30.3
16:36:13,54,26.4
16:36:14,59,28.8
16:36:15,60,29.3
16:36:16,43,21
16:36:17,63,30.8
16:36:18,50,24.4
16:36:19,58,28.3
16:36:20,45,22
16:36:21,47,22.9
16:36:22,63,30.8
16:36:23,53,25.9
16:36:24,62,30.3
16:36:25,46,22.5
16:36:26,55,26.9
16:36:27,46,22.5
16:36:28,59,28.8
16:36:29,43,21
16:36:30,44,21.5
16:36:31,63,30.8
16:36:32,61,29.8
16:36:33,60,29.3
16:36:34,63,30.8
16:36:35,58,28.3
16:36:36,44,21.5
16:36:37,63,30.8
16:36:38,54,26.4
16:36:39,53,25.9
16:36:40,61,29.8
16:36:41,52,25.4
16:36:42,54,26.4
16:36:43,61,29.8
16:36:44,52,25.4
16:36:45,56,27.3
16:36:46,64,31.3
16:36:47,52,25.4
16:36:48,55,26.9
16:36:49,62,30.3
16:36:50,43,21
16:36:51,47,22.9
16:36:52,42,20.5
16:36:53,52,25.4
16:36:54,59,28.8
16:36:55,55,26.9
16:36:56,47,22.9
16:36:57,43,21
16:36:58,49,23.9
16:36:59,57,27.8
16:37:00,62,30.3
16:37:01,41,20
16:37:02,55,26.9
16:37:03,56,27.3
16:37:04,40,19.5
16:37:05,55,26.9
16:37:06,43,21
16:37:07,49,23.9
16:37:08,60,29.3
16:37:09,56,27.3
16:37:10,43,21
16:37:11,51,24.9
16:37:12,51,24.9
16:37:13,52,25.4
16:37:14,57,27.8
16:37:15,48,23.4
16:37:16,47,22.9
16:37:17,41,20
16:37:18,41,20
16:37:19,51,24.9
16:37:20,57,27.8
16:37:21,48,23.4
16:37:22,56,27.3
16:37:23,62,30.3
16:37:24,59,28.8
16:37:25,55,26.9
16:37:26,64,31.3
16:37:27,42,20.5
16:37:28,45,22
16:37:29,52,25.4
16:37:30,62,30.3
16:37:31,42,20.5
16:37:32,50,24.4
16:37:33,42,20.5
16:37:34,42,20.5
16:37:35,40,19.5
16:37:36,56,27.3
16:37:37,62,30.3
16:37:38,44,21.5
16:37:39,49,23.9
16:37:40,53,25.9
16:37:41,64,31.3
16:37:42,42,20.5
16:37:43,55,26.9
16:37:44,47,22.9
16:37:45,44,21.5
16:37:46,55,26.9
16:37:47,57,27.8
16:37:48,63,30.8
16:37:49,44,21.5
16:37:50,51,24.9
16:37:51,62,30.3
16:37:52,58,28.3
16:37:53,63,30.8
16:37:54,45,22
16:37:55,43,21
16:37:56,54,26.4
16:37:57,49,23.9
16:37:58,56,27.3
16:37:59,42,20.5
16:38:00,57,27.8
16:38:01,62,30.3
16:38:02,40,19.5
16:38:03,49,23.9
16:38:04,48,23.4
16:38:05,48,23.4
16:38:06,50,24.4
16:38:07,45,22
16:38:08,45,22
16:38:09,50,24.4
16:38:10,48,23.4
16:38:11,47,22.9
16:38:12,64,31.3
16:38:13,57,27.8
16:38:14,58,28.3
16:38:15,58,28.3
16:38:16,57,27.8
16:38:17,63,30.8
16:38:18,57,27.8
16:38:19,42,20.5
16:38:20,56,27.3
16:38:21,52,25.4
16:38:22,57,27.8
16:38:23,46,22.5
16:38:24,57,27.8
16:38:25,52,25.4
16:38:26,44,21.5
16:38:27,48,23.4
16:38:28,53,25.9
16:38:29,61,29.8
16:38:30,62,30.3
16:38:31,41,20
16:38:32,57,27.8
16:38:33,64,31.3
16:38:34,49,23.9
16:38:35,46,22.5
16:38:36,60,29.3
16:38:37,56,27.3
16:38:38,51,24.9
16:38:39,44,21.5
16:38:40,49,23.9
16:38:41,56,27.3
16:38:42,47,22.9
16:38:43,46,22.5
16:38:44,45,22
16:38:45,44,21.5
16:38:46,65,31.7
16:38:47,50,24.4
16:38:48,44,21.5
16:38:49,56,27.3
16:38:50,46,22.5
16:38:51,44,21.5
16:38:52,41,20
16:38:53,46,22.5
16:38:54,42,20.5
16:38:55,64,31.3
16:38:56,60,29.3
16:38:57,42,20.5
16:38:58,40,19.5
16:38:59,45,22
16:39:00,41,20
16:39:01,46,22.5
16:39:02,48,23.4
16:39:03,64,31.3
16:39:04,52,25.4
16:39:05,63,30.8
16:39:06,42,20.5
16:39:07,40,19.5
16:39:08,51,24.9
16:39:09,42,20.5
16:39:10,56,27.3
16:39:11,44,21.5
16:39:12,43,21
16:39:13,50,24.4
16:39:14,59,28.8
16:39:15,62,30.3
16:39:16,64,31.3
16:39:17,40,19.5
16:39:18,40,19.5
16:39:19,65,31.7
16:39:20,63,30.8
16:39:21,42,20.5
16:39:22,47,22.9
16:39:23,65,31.7
16:39:24,63,30.8
16:39:25,60,29.3
16:39:26,50,24.4
16:39:27,60,29.3
16:39:28,44,21.5
16:39:29,42,20.5
16:39:30,54,26.4
16:39:31,56,27.3
16:39:32,59,28.8
16:39:33,56,27.3
16:39:34,65,31.7
16:39:35,49,23.9
16:39:36,50,24.4
16:39:37,43,21
16:39:38,50,24.4
16:39:39,41,20
16:39:40,65,31.7
16:39:41,42,20.5
16:39:42,60,29.3
16:39:43,53,25.9
16:39:44,44,21.5
16:39:45,56,27.3
16:39:46,60,29.3
16:39:47,40,19.5
16:39:48,59,28.8
16:39:49,64,31.3
16:39:50,42,20.5
16:39:51,44,21.5
16:39:52,43,21
16:39:53,55,26.9
16:39:54,43,21
16:39:55,53,25.9
16:39:56,57,27.8
16:39:57,60,29.3
16:39:58,57,27.8
16:39:59,58,28.3
16:40:00,60,29.3
16:40:01,43,21
16:40:02,48,23.4
16:40:03,44,21.5
16:40:04,54,26.4
16:40:05,47,22.9
16:40:06,43,21
16:40:07,63,30.8
16:40:08,52,25.4
16:40:09,43,21
16:40:10,60,29.3
16:40:11,42,20.5
16:40:12,62,30.3
16:40:13,44,21.5
16:40:14,64,31.3
16:40:15,56,27.3
16:40:16,63,30.8
16:40:17,58,28.3
16:40:18,58,28.3
16:40:19,42,20.5
16:40:20,43,21
16:40:21,57,27.8
16:40:22,64,31.3
16:40:23,65,31.7
16:40:24,57,27.8
16:40:25,65,31.7
16:40:26,44,21.5
16:40:27,58,28.3
16:40:28,55,26.9
16:40:29,57,27.8
16:40:30,56,27.3
16:40:31,41,20
16:40:32,43,21
16:40:33,59,28.8
16:40:34,42,20.5
16:40:35,42,20.5
16:40:36,50,24.4
16:40:37,57,27.8
16:40:38,64,31.3
16:40:39,62,30.3
16:40:40,62,30.3
16:40:41,52,25.4
16:40:42,41,20
16:40:43,40,19.5
16:40:44,44,21.5
16:40:45,55,26.9
16:40:46,57,27.8
16:40:47,53,25.9
16:40:48,64,31.3
16:40:49,48,23.4
16:40:50,61,29.8
16:40:51,45,22
16:40:52,64,31.3
16:40:53,47,22.9
16:40:54,60,29.3
16:40:55,40,19.5
16:40:56,44,21.5
16:40:57,42,20.5
16:40:58,55,26.9
16:40:59,43,21
16:41:00,55,26.9
16:41:01,59,28.8
16:41:02,48,23.4
16:41:03,43,21
16:41:04,55,26.9
16:41:05,61,29.8
16:41:06,54,26.4
16:41:07,45,22
16:41:08,51,24.9
16:41:09,65,31.7
16:41:10,46,22.5
16:41:11,52,25.4
16:41:12,63,30.8
16:41:13,49,23.9
16:41:14,46,22.5
16:41:15,42,20.5
16:41:16,46,22.5
16:41:17,53,25.9
16:41:18,54,26.4
16:41:19,56,27.3
16:41:20,56,27.3
16:41:21,46,22.5
16:41:22,43,21
16:41:23,58,28.3
16:41:24,63,30.8
16:41:25,58,28.3
16:41:26,50,24.4
16:41:27,56,27.3
16:41:28,64,31.3
16:41:29,49,23.9
16:41:30,44,21.5
16:41:31,62,30.3
16:41:32,56,27.3
16:41:33,47,22.9
16:41:34,64,31.3
16:41:35,56,27.3
16:41:36,40,19.5
16:41:37,41,20
16:41:38,64,31.3
16:41:39,63,30.8
16:41:40,52,25.4
16:41:41,53,25.9
16:41:42,61,29.8
16:41:43,60,29.3
16:41:44,55,26.9
16:41:45,50,24.4
16:41:46,56,27.3
16:41:47,46,22.5
16:41:48,55,26.9
16:41:49,45,22
16:41:50,65,31.7
16:41:51,51,24.9
16:41:52,52,25.4
16:41:53,55,26.9
16:41:54,48,23.4
16:41:55,43,21
16:41:56,41,20
16:41:57,41,20
16:41:58,48,23.4
16:41:59,60,29.3
16:42:00,62,30.3
16:42:01,61,29.8
16:42:02,44,21.5
16:42:03,45,22
16:42:04,60,29.3
16:42:05,49,23.9
16:42:06,45,22
16:42:07,61,29.8
16:42:08,55,26.9
16:42:09,42,20.5
16:42:10,44,21.5
16:42:11,63,30.8
16:42:12,40,19.5
16:42:13,64,31.3
16:42:14,42,20.5
16:42:15,52,25.4
16:42:16,48,23.4
16:42:17,51,24.9
16:42:18,44,21.5
16:42:19,53,25.9
16:42:20,53,25.9
16:42:21,65,31.7
16:42:22,50,24.4
16:42:23,54,26.4
16:42:24,65,31.7
16:42:25,47,22.9
16:42:26,55,26.9
16:42:27,52,25.4
16:42:28,58,28.3
16:42:29,63,30.8
16:42:30,53,25.9
16:42:31,50,24.4
16:42:32,49,23.9
16:42:33,59,28.8
16:42:34,65,31.7
16:42:35,52,25.4
16:42:36,57,27.8
16:42:37,40,19.5
16:42:38,62,30.3
16:42:39,43,21
16:42:40,54,26.4
16:42:41,64,31.3
16:42:42,62,30.3
16:42:43,48,23.4
16:42:44,46,22.5
16:42:45,45,22
16:42:46,51,24.9
16:42:47,62,30.3
16:42:48,59,28.8
16:42:49,49,23.9
16:42:50,40,19.5
16:42:51,50,24.4
16:42:52,46,22.5
16:42:53,57,27.8
16:42:54,43,21
16:42:55,55,26.9
16:42:56,40,19.5
16:42:57,58,28.3
16:42:58,61,29.8
16:42:59,56,27.3
16:43:00,41,20
16:43:01,49,23.9
16:43:02,43,21
16:43:03,53,25.9
16:43:04,52,25.4
16:43:05,43,21
16:43:06,58,28.3
16:43:07,62,30.3
16:43:08,43,21
16:43:09,56,27.3
16:43:10,42,20.5
16:43:11,59,28.8
16:43:12,58,28.3
16:43:13,55,26.9
16:43:14,48,23.4
16:43:15,53,25.9
16:43:16,52,25.4
16:43:17,54,26.4
16:43:18,48,23.4
16:43:19,49,23.9
16:43:20,49,23.9
16:43:21,57,27.8
16:43:22,63,30.8
16:43:23,43,21
16:43:24,64,31.3
16:43:25,41,20
16:43:26,45,22
16:43:27,64,31.3
16:43:28,61,29.8
16:43:29,45,22
16:43:30,48,23.4
16:43:31,40,19.5
16:43:32,52,25.4
16:43:33,58,28.3
16:43:34,51,24.9
16:43:35,43,21
16:43:36,41,20
16:43:37,53,25.9
16:43:38,47,22.9
16:43:39,54,26.4
16:43:40,54,26.4
16:43:41,48,23.4
16:43:42,65,31.7
16:43:43,62,30.3
16:43:44,41,20
16:43:45,56,27.3
16:43:46,49,23.9
16:43:47,46,22.5
16:43:48,54,26.4
16:43:49,54,26.4
16:43:50,50,24.4
16:43:51,51,24.9
16:43:52,60,29.3
16:43:53,44,21.5
16:43:54,40,19.5
16:43:55,57,27.8
16:43:56,46,22.5
16:43:57,56,27.3
16:43:58,49,23.9
16:43:59,40,19.5
16:44:00,63,30.8
16:44:01,47,22.9
16:44:02,55,26.9
16:44:03,58,28.3
16:44:04,55,26.9
16:44:05,43,21
16:44:06,52,25.4
16:44:07,59,28.8
16:44:08,62,30.3
16:44:09,50,24.4
16:44:10,51,24.9
16:44:11,51,24.9
16:44:12,61,29.8
16:44:13,50,24.4
16:44:14,40,19.5
16:44:15,45,22
16:44:16,45,22
16:44:17,43,21
16:44:18,57,27.8
16:44:19,50,24.4
16:44:20,64,31.3
16:44:21,55,26.9
16:44:22,62,30.3
16:44:23,63,30.8
16:44:24,64,31.3
16:44:25,52,25.4
16:44:26,47,22.9
16:44:27,51,24.9
16:44:28,55,26.9
16:44:29,53,25.9
16:44:30,64,31.3
16:44:31,42,20.5
16:44:32,43,21
16:44:33,46,22.5
16:44:34,54,26.4
16:44:35,65,31.7
16:44:36,47,22.9
16:44:37,54,26.4
16:44:38,57,27.8
16:44:39,50,24.4
16:44:40,46,22.5
16:44:41,63,30.8
16:44:42,44,21.5
16:44:43,65,31.7
16:44:44,52,25.4
16:44:45,44,21.5
16:44:46,52,25.4
16:44:47,48,23.4
16:44:48,44,21.5
16:44:49,58,28.3
16:44:50,56,27.3
16:44:51,53,25.9
16:44:52,60,29.3
16:44:53,50,24.4
16:44:54,62,30.3
16:44:55,54,26.4
16:44:56,51,24.9
16:44:57,52,25.4
16:44:58,40,19.5
16:44:59,58,28.3
16:45:00,58,28.3
16:45:01,45,22
16:45:02,53,25.9
16:45:03,46,22.5
16:45:04,47,22.9
16:45:05,41,20
16:45:06,62,30.3
16:45:07,47,22.9
16:45:08,64,31.3
16:45:09,52,25.4
16:45:10,61,29.8
16:45:11,45,22
16:45:12,44,21.5
16:45:13,54,26.4
16:45:14,51,24.9
16:45:15,57,27.8
16:45:16,49,23.9
16:45:17,64,31.3
16:45:18,64,31.3
16:45:19,54,26.4
16:45:20,45,22
16:45:21,40,19.5
16:45:22,46,22.5
16:45:23,55,26.9
16:45:24,48,23.4
16:45:25,63,30.8
16:45:26,60,29.3
16:45:27,41,20
16:45:28,49,23.9
16:45:29,46,22.5
16:45:30,64,31.3
16:45:31,46,22.5
16:45:32,45,22
16:45:33,55,26.9
16:45:34,51,24.9
16:45:35,58,28.3
16:45:36,44,21.5
16:45:37,63,30.8
16:45:38,56,27.3
16:45:39,65,31.7
16:45:40,48,23.4
16:45:41,47,22.9
16:45:42,59,28.8
16:45:43,41,20
16:45:44,62,30.3
16:45:45,55,26.9
16:45:46,60,29.3
16:45:47,58,28.3
16:45:48,53,25.9
16:45:49,45,22
16:45:50,51,24.9
16:45:51,55,26.9
16:45:52,48,23.4
16:45:53,65,31.7
16:45:54,60,29.3
16:45:55,40,19.5
16:45:56,40,19.5
16:45:57,43,21
16:45:58,58,28.3
16:45:59,47,22.9
16:46:00,44,21.5
16:46:01,60,29.3
16:46:02,55,26.9
16:46:03,56,27.3
16:46:04,43,21
16:46:05,57,27.8
16:46:06,50,24.4
16:46:07,58,28.3
16:46:08,49,23.9
16:46:09,48,23.4
16:46:10,50,24.4
16:46:11,44,21.5
16:46:12,49,23.9
16:46:13,64,31.3
16:46:14,54,26.4
16:46:15,47,22.9
16:46:16,59,28.8
16:46:17,58,28.3
16:46:18,51,24.9
16:46:19,59,28.8
16:46:20,41,20
16:46:21,56,27.3
16:46:22,55,26.9
16:46:23,43,21
16:46:24,49,23.9
16:46:25,53,25.9
16:46:26,41,20
16:46:27,59,28.8
16:46:28,49,23.9
16:46:29,64,31.3
16:46:30,47,22.9
16:46:31,50,24.4
16:46:32,54,26.4
16:46:33,52,25.4
16:46:34,51,24.9
16:46:35,62,30.3
16:46:36,41,20
16:46:37,46,22.5
16:46:38,49,23.9
16:46:39,58,28.3
16:46:40,58,28.3
16:46:41,62,30.3
16:46:42,64,31.3
16:46:43,64,31.3
16:46:44,60,29.3
16:46:45,42,20.5
16:46:46,44,21.5
16:46:47,55,26.9
16:46:48,54,26.4
16:46:49,65,31.7
16:46:50,57,27.8
16:46:51,52,25.4
16:46:52,61,29.8
16:46:53,61,29.8
16:46:54,40,19.5
16:46:55,52,25.4
16:46:56,58,28.3
16:46:57,48,23.4
16:46:58,45,22
16:46:59,41,20
16:47:00,51,24.9
16:47:01,52,25.4
16:47:02,41,20
16:47:03,53,25.9
16:47:04,45,22
16:47:05,40,19.5
16:47:06,49,23.9
16:47:07,43,21
16:47:08,53,25.9
16:47:09,57,27.8
16:47:10,51,24.9
16:47:11,60,29.3
16:47:12,63,30.8
16:47:13,43,21
16:47:14,53,25.9
16:47:15,43,21
16:47:16,59,28.8
16:47:17,44,21.5
16:47:18,60,29.3
16:47:19,60,29.3
16:47:20,49,23.9
16:47:21,43,21
16:47:22,41,20
16:47:23,42,20.5
16:47:24,62,30.3
16:47:25,48,23.4
16:47:26,58,28.3
16:47:27,50,24.4
16:47:28,59,28.8
16:47:29,41,20
16:47:30,52,25.4
16:47:31,53,25.9
16:47:32,46,22.5
16:47:33,56,27.3
16:47:34,53,25.9
16:47:35,40,19.5
16:47:36,64,31.3
16:47:37,65,31.7
16:47:38,43,21
16:47:39,58,28.3
16:47:40,42,20.5
16:47:41,42,20.5
16:47:42,42,20.5
16:47:43,61,29.8
16:47:44,51,24.9
16:47:45,51,24.9
16:47:46,49,23.9
16:47:47,42,20.5
16:47:48,53,25.9
16:47:49,41,20
16:47:50,48,23.4
16:47:51,45,22
16:47:52,45,22
16:47:53,63,30.8
16:47:54,59,28.8
16:47:55,48,23.4
16:47:56,64,31.3
16:47:57,59,28.8
16:47:58,44,21.5
16:47:59,62,30.3
16:48:00,51,24.9
16:48:01,58,28.3
16:48:02,41,20
16:48:03,54,26.4
16:48:04,59,28.8
16:48:05,57,27.8
16:48:06,42,20.5
16:48:07,43,21
16:48:08,63,30.8
16:48:09,53,25.9
16:48:10,46,22.5
16:48:11,41,20
16:48:12,64,31.3
16:48:13,44,21.5
16:48:14,61,29.8
16:48:15,55,26.9
16:48:16,53,25.9
16:48:17,64,31.3
16:48:18,49,23.9
16:48:19,51,24.9
16:48:20,61,29.8
16:48:21,47,22.9
16:48:22,61,29.8
16:48:23,42,20.5
16:48:24,42,20.5
16:48:25,54,26.4
16:48:26,42,20.5
16:48:27,61,29.8
16:48:28,60,29.3
16:48:29,57,27.8
16:48:30,45,22
16:48:31,47,22.9
16:48:32,50,24.4
16:48:33,53,25.9
16:48:34,63,30.8
16:48:35,59,28.8
16:48:36,46,22.5
16:48:37,50,24.4
16:48:38,42,20.5
16:48:39,49,23.9
16:48:40,52,25.4
16:48:41,53,25.9
16:48:42,42,20.5
16:48:43,62,30.3
16:48:44,44,21.5
16:48:45,60,29.3
16:48:46,47,22.9
16:48:47,65,31.7
16:48:48,45,22
16:48:49,55,26.9
16:48:50,49,23.9
16:48:51,62,30.3
16:48:52,52,25.4
16:48:53,43,21
16:48:54,43,21
16:48:55,54,26.4
16:48:56,49,23.9
16:48:57,61,29.8
16:48:58,45,22
16:48:59,43,21
16:49:00,41,20
16:49:01,42,20.5
16:49:02,46,22.5
16:49:03,42,20.5
16:49:04,45,22
16:49:05,64,31.3
16:49:06,61,29.8
16:49:07,46,22.5
16:49:08,50,24.4
16:49:09,56,27.3
16:49:10,49,23.9
16:49:11,64,31.3
16:49:12,58,28.3
16:49:13,43,21
16:49:14,52,25.4
16:49:15,48,23.4
16:49:16,46,22.5
16:49:17,62,30.3
16:49:18,42,20.5
16:49:19,57,27.8
16:49:20,47,22.9
16:49:21,57,27.8
16:49:22,64,31.3
16:49:23,50,24.4
16:49:24,65,31.7
16:49:25,60,29.3
16:49:26,59,28.8
16:49:27,43,21
16:49:28,62,30.3
16:49:29,43,21
16:49:30,52,25.4
16:49:31,56,27.3
16:49:32,50,24.4
16:49:33,60,29.3
16:49:34,52,25.4
16:49:35,63,30.8
16:49:36,51,24.9
16:49:37,42,20.5
16:49:38,60,29.3
16:49:39,56,27.3
16:49:40,59,28.8
16:49:41,64,31.3
16:49:42,57,27.8
16:49:43,54,26.4
16:49:44,45,22
16:49:45,59,28.8
16:49:46,50,24.4
16:49:47,59,28.8
16:49:48,52,25.4
16:49:49,52,25.4
16:49:50,56,27.3
16:49:51,44,21.5
16:49:52,43,21
16:49:53,56,27.3
16:49:54,52,25.4
16:49:55,43,21
16:49:56,47,22.9
16:49:57,45,22
16:49:58,53,25.9
16:49:59,62,30.3
16:50:00,64,31.3
16:50:01,54,26.4
16:50:02,63,30.8
16:50:03,63,30.8
16:50:04,58,28.3
16:50:05,55,26.9
16:50:06,63,30.8
16:50:07,41,20
16:50:08,46,22.5
16:50:09,63,30.8
16:50:10,56,27.3
16:50:11,40,19.5
16:50:12,57,27.8
16:50:13,64,31.3
16:50:14,44,21.5
16:50:15,46,22.5
16:50:16,63,30.8
16:50:17,51,24.9
16:50:18,58,28.3
16:50:19,65,31.7
16:50:20,64,31.3
16:50:21,57,27.8
16:50:22,59,28.8
16:50:23,58,28.3
16:50:24,40,19.5
16:50:25,44,21.5
16:50:26,46,22.5
16:50:27,58,28.3
16:50:28,51,24.9
16:50:29,53,25.9
16:50:30,54,26.4
16:50:31,51,24.9
16:50:32,43,21
16:50:33,62,30.3
16:50:34,63,30.8
16:50:35,60,29.3
16:50:36,44,21.5
16:50:37,48,23.4
16:50:38,54,26.4
16:50:39,43,21
16:50:40,40,19.5
16:50:41,62,30.3
16:50:42,41,20
16:50:43,61,29.8
16:50:44,58,28.3
16:50:45,63,30.8
16:50:46,50,24.4
16:50:47,46,22.5
16:50:48,52,25.4
16:50:49,57,27.8
16:50:50,48,23.4
16:50:51,40,19.5
16:50:52,60,29.3
16:50:53,62,30.3
16:50:54,49,23.9
16:50:55,58,28.3
16:50:56,44,21.5
16:50:57,59,28.8
16:50:58,44,21.5
16:50:59,55,26.9
16:51:00,41,20
16:51:01,65,31.7
16:51:02,61,29.8
16:51:03,57,27.8
16:51:04,54,26.4
16:51:05,58,28.3
16:51:06,61,29.8
16:51:07,60,29.3
16:51:08,47,22.9
16:51:09,49,23.9
16:51:10,61,29.8
16:51:11,55,26.9
16:51:12,56,27.3
16:51:13,65,31.7
16:51:14,65,31.7
16:51:15,62,30.3
16:51:16,52,25.4
16:51:17,56,27.3
16:51:18,65,31.7
16:51:19,54,26.4
16:51:20,61,29.8
16:51:21,64,31.3
16:51:22,53,25.9
16:51:23,51,24.9
16:51:24,63,30.8
16:51:25,63,30.8
16:51:26,43,21
16:51:27,52,25.4
16:51:28,52,25.4
16:51:29,48,23.4
16:51:30,43,21
16:51:31,57,27.8
16:51:32,41,20
16:51:33,62,30.3
16:51:34,49,23.9
16:51:35,57,27.8
16:51:36,56,27.3
16:51:37,43,21
16:51:38,61,29.8
16:51:39,51,24.9
16:51:40,61,29.8
16:51:41,59,28.8
16:51:42,40,19.5
16:51:43,57,27.8
16:51:44,55,26.9
16:51:45,44,21.5
16:51:46,49,23.9
16:51:47,57,27.8
16:51:48,59,28.8
16:51:49,49,23.9
16:51:50,52,25.4
16:51:51,45,22
16:51:52,43,21
16:51:53,58,28.3
16:51:54,42,20.5
16:51:55,55,26.9
16:51:56,64,31.3
16:51:57,42,20.5
16:51:58,46,22.5
16:51:59,52,25.4
16:52:00,64,31.3
16:52:01,54,26.4
16:52:02,48,23.4
16:52:03,63,30.8
16:52:04,58,28.3
16:52:05,61,29.8
16:52:06,42,20.5
16:52:07,53,25.9
16:52:08,42,20.5
16:52:09,48,23.4
16:52:10,47,22.9
16:52:11,58,28.3
16:52:12,51,24.9
16:52:13,58,28.3
16:52:14,50,24.4
16:52:15,62,30.3
16:52:16,54,26.4
16:52:17,51,24.9
16:52:18,44,21.5
16:52:19,62,30.3
16:52:20,41,20
16:52:21,53,25.9
16:52:22,40,19.5
16:52:23,65,31.7
16:52:24,52,25.4
16:52:25,44,21.5
16:52:26,56,27.3
16:52:27,51,24.9
16:52:28,59,28.8
16:52:29,47,22.9
16:52:30,63,30.8
16:52:31,41,20
16:52:32,51,24.9
16:52:33,56,27.3
16:52:34,56,27.3
16:52:35,65,31.7
16:52:36,50,24.4
16:52:37,44,21.5
16:52:38,49,23.9
16:52:39,41,20
16:52:40,53,25.9
16:52:41,53,25.9
16:52:42,44,21.5
16:52:43,63,30.8
16:52:44,58,28.3
16:52:45,48,23.4
16:52:46,40,19.5
16:52:47,64,31.3
16:52:48,48,23.4
16:52:49,43,21
16:52:50,62,30.3
16:52:51,60,29.3
16:52:52,64,31.3
16:52:53,59,28.8
16:52:54,50,24.4
16:52:55,64,31.3
16:52:56,61,29.8
16:52:57,50,24.4
16:52:58,64,31.3
16:52:59,46,22.5
16:53:00,56,27.3
16:53:01,47,22.9
16:53:02,56,27.3
16:53:03,62,30.3
16:53:04,40,19.5
16:53:05,47,22.9
16:53:06,52,25.4
16:53:07,52,25.4
16:53:08,62,30.3
16:53:09,49,23.9
16:53:10,41,20
16:53:11,45,22
16:53:12,49,23.9
16:53:13,53,25.9
16:53:14,60,29.3
16:53:15,63,30.8
16:53:16,48,23.4
16:53:17,50,24.4
16:53:18,42,20.5
16:53:19,51,24.9
16:53:20,57,27.8
16:53:21,42,20.5
16:53:22,57,27.8
16:53:23,47,22.9
16:53:24,63,30.8
16:53:25,58,28.3
16:53:26,52,25.4
16:53:27,50,24.4
16:53:28,64,31.3
16:53:29,60,29.3
16:53:30,51,24.9
16:53:31,55,26.9
16:53:32,42,20.5
16:53:33,41,20
16:53:34,43,21
16:53:35,41,20
16:53:36,43,21
16:53:37,60,29.3
16:53:38,63,30.8
16:53:39,47,22.9
16:53:40,65,31.7
16:53:41,45,22
16:53:42,51,24.9
16:53:43,46,22.5
16:53:44,53,25.9
16:53:45,53,25.9
16:53:46,46,22.5
16:53:47,49,23.9
16:53:48,41,20
16:53:49,40,19.5
16:53:50,45,22
16:53:51,58,28.3
16:53:52,59,28.8
16:53:53,51,24.9
16:53:54,62,30.3
16:53:55,51,24.9
16:53:56,63,30.8
16:53:57,42,20.5
16:53:58,52,25.4
16:53:59,52,25.4
16:54:00,54,26.4
16:54:01,42,20.5
16:54:02,42,20.5
16:54:03,52,25.4
16:54:04,65,31.7
16:54:05,61,29.8
16:54:06,44,21.5
16:54:07,47,22.9
16:54:08,50,24.4
16:54:09,57,27.8
16:54:10,64,31.3
16:54:11,50,24.4
16:54:12,61,29.8
16:54:13,45,22
16:54:14,63,30.8
16:54:15,42,20.5
16:54:16,53,25.9
16:54:17,44,21.5
16:54:18,44,21.5
16:54:19,56,27.3
16:54:20,40,19.5
16:54:21,63,30.8
16:54:22,40,19.5
16:54:23,53,25.9
16:54:24,65,31.7
16:54:25,46,22.5
16:54:26,44,21.5
16:54:27,48,23.4
16:54:28,56,27.3
16:54:29,65,31.7
16:54:30,58,28.3
16:54:31,64,31.3
16:54:32,58,28.3
16:54:33,55,26.9
16:54:34,62,30.3
16:54:35,59,28.8
16:54:36,49,23.9
16:54:37,40,19.5
16:54:38,64,31.3
16:54:39,65,31.7
16:54:40,46,22.5
16:54:41,51,24.9
16:54:42,49,23.9
16:54:43,64,31.3
16:54:44,62,30.3
16:54:45,52,25.4
16:54:46,53,25.9
16:54:47,41,20
16:54:48,44,21.5
16:54:49,40,19.5
16:54:50,42,20.5
16:54:51,54,26.4
16:54:52,59,28.8
16:54:53,57,27.8
16:54:54,41,20
16:54:55,64,31.3
16:54:56,48,23.4
16:54:57,53,25.9
16:54:58,50,24.4
16:54:59,60,29.3
16:55:00,58,28.3
16:55:01,47,22.9
16:55:02,55,26.9
16:55:03,41,20
16:55:04,65,31.7
16:55:05,54,26.4
16:55:06,57,27.8
16:55:07,42,20.5
16:55:08,61,29.8
16:55:09,65,31.7
16:55:10,52,25.4
16:55:11,43,21
16:55:12,57,27.8
16:55:13,43,21
16:55:14,46,22.5
16:55:15,40,19.5
16:55:16,42,20.5
16:55:17,53,25.9
16:55:18,50,24.4
16:55:19,60,29.3
16:55:20,44,21.5
16:55:21,65,31.7
16:55:22,62,30.3
16:55:23,61,29.8
16:55:24,54,26.4
16:55:25,56,27.3
16:55:26,53,25.9
16:55:27,47,22.9
16:55:28,45,22
16:55:29,61,29.8
16:55:30,54,26.4
16:55:31,50,24.4
16:55:32,63,30.8
16:55:33,53,25.9
16:55:34,54,26.4
16:55:35,55,26.9
16:55:36,63,30.8
16:55:37,45,22
16:55:38,62,30.3
16:55:39,44,21.5
16:55:40,59,28.8
16:55:41,42,20.5
16:55:42,58,28.3
16:55:43,61,29.8
16:55:44,52,25.4
16:55:45,64,31.3
16:55:46,55,26.9
16:55:47,63,30.8
16:55:48,63,30.8
16:55:49,52,25.4
16:55:50,60,29.3
16:55:51,60,29.3
16:55:52,45,22
16:55:53,63,30.8
16:55:54,65,31.7
16:55:55,42,20.5
16:55:56,59,28.8
16:55:57,47,22.9
16:55:58,64,31.3
16:55:59,58,28.3
16:56:00,53,25.9
16:56:01,53,25.9
16:56:02,65,31.7
16:56:03,41,20
16:56:04,56,27.3
16:56:05,50,24.4
16:56:06,61,29.8
16:56:07,41,20
16:56:08,63,30.8
16:56:09,53,25.9
16:56:10,60,29.3
16:56:11,40,19.5
16:56:12,61,29.8
16:56:13,49,23.9
16:56:14,62,30.3
16:56:15,42,20.5
16:56:16,57,27.8
16:56:17,44,21.5
16:56:18,42,20.5
16:56:19,64,31.3
16:56:20,58,28.3
16:56:21,59,28.8
16:56:22,50,24.4
16:56:23,49,23.9
16:56:24,63,30.8
16:56:25,61,29.8
16:56:26,52,25.4
16:56:27,48,23.4
16:56:28,63,30.8
16:56:29,46,22.5
16:56:30,41,20
16:56:31,55,26.9
16:56:32,64,31.3
16:56:33,61,29.8
16:56:34,43,21
16:56:35,49,23.9
16:56:36,48,23.4
16:56:37,40,19.5
16:56:38,62,30.3
16:56:39,42,20.5
16:56:40,42,20.5
16:56:41,60,29.3
16:56:42,62,30.3
16:56:43,63,30.8
16:56:44,55,26.9
16:56:45,52,25.4
16:56:46,43,21
16:56:47,65,31.7
16:56:48,55,26.9
16:56:49,44,21.5
16:56:50,40,19.5
16:56:51,46,22.5
16:56:52,58,28.3
16:56:53,47,22.9
16:56:54,63,30.8
16:56:55,46,22.5
16:56:56,64,31.3
16:56:57,58,28.3
16:56:58,43,21
16:56:59,48,23.4
16:57:00,50,24.4
16:57:01,48,23.4
16:57:02,50,24.4
16:57:03,61,29.8
16:57:04,56,27.3
16:57:05,55,26.9
16:57:06,54,26.4
16:57:07,54,26.4
16:57:08,47,22.9
16:57:09,58,28.3
16:57:10,62,30.3
16:57:11,64,31.3
16:57:12,62,30.3
16:57:13,60,29.3
16:57:14,44,21.5
16:57:15,40,19.5
16:57:16,42,20.5
16:57:17,63,30.8
16:57:18,47,22.9
16:57:19,64,31.3
16:57:20,65,31.7
16:57:21,55,26.9
16:57:22,55,26.9
16:57:23,46,22.5
16:57:24,50,24.4
16:57:25,44,21.5
16:57:26,52,25.4
16:57:27,44,21.5
16:57:28,65,31.7
16:57:29,49,23.9
16:57:30,63,30.8
16:57:31,45,22
16:57:32,50,24.4
16:57:33,53,25.9
16:57:34,52,25.4
16:57:35,57,27.8
16:57:36,59,28.8
16:57:37,50,24.4
16:57:38,59,28.8
16:57:39,52,25.4
16:57:40,48,23.4
16:57:41,64,31.3
16:57:42,59,28.8
16:57:43,42,20.5
16:57:44,59,28.8
16:57:45,44,21.5
16:57:46,49,23.9
16:57:47,65,31.7
16:57:48,56,27.3
16:57:49,63,30.8
16:57:50,55,26.9
16:57:51,62,30.3
16:57:52,42,20.5
16:57:53,41,20
16:57:54,44,21.5
16:57:55,51,24.9
16:57:56,42,20.5
16:57:57,40,19.5
16:57:58,59,28.8
16:57:59,57,27.8
16:58:00,43,21
16:58:01,40,19.5
16:58:02,65,31.7
16:58:03,64,31.3
16:58:04,44,21.5
16:58:05,56,27.3
16:58:06,58,28.3
16:58:07,46,22.5
16:58:08,63,30.8
16:58:09,56,27.3
16:58:10,64,31.3
16:58:11,43,21
16:58:12,50,24.4
16:58:13,63,30.8
16:58:14,45,22
16:58:15,49,23.9
16:58:16,62,30.3
16:58:17,58,28.3
16:58:18,45,22
16:58:19,46,22.5
16:58:20,49,23.9
16:58:21,62,30.3
16:58:22,59,28.8
16:58:23,59,28.8
16:58:24,43,21
16:58:25,61,29.8
16:58:26,62,30.3
16:58:27,48,23.4
16:58:28,44,21.5
16:58:29,65,31.7
16:58:30,42,20.5
16:58:31,56,27.3
16:58:32,62,30.3
16:58:33,56,27.3
16:58:34,43,21
16:58:35,45,22
16:58:36,52,25.4
16:58:37,60,29.3
16:58:38,49,23.9
16:58:39,44,21.5
16:58:40,51,24.9
16:58:41,56,27.3
16:58:42,62,30.3
16:58:43,65,31.7
16:58:44,56,27.3
16:58:45,61,29.8
16:58:46,56,27.3
16:58:47,54,26.4
16:58:48,54,26.4
16:58:49,53,25.9
16:58:50,48,23.4
16:58:51,65,31.7
16:58:52,44,21.5
16:58:53,51,24.9
16:58:54,41,20
16:58:55,63,30.8
16:58:56,50,24.4
16:58:57,56,27.3
16:58:58,51,24.9
16:58:59,46,22.5
16:59:00,43,21
16:59:01,54,26.4
16:59:02,55,26.9
16:59:03,49,23.9
16:59:04,58,28.3
16:59:05,44,21.5
16:59:06,53,25.9
16:59:07,58,28.3
16:59:08,62,30.3
16:59:09,59,28.8
16:59:10,53,25.9
16:59:11,54,26.4
16:59:12,44,21.5
16:59:13,50,24.4
16:59:14,64,31.3
16:59:15,46,22.5
16:59:16,49,23.9
16:59:17,55,26.9
16:59:18,58,28.3
16:59:19,47,22.9
16:59:20,43,21
16:59:21,49,23.9
16:59:22,64,31.3
16:59:23,50,24.4
16:59:24,44,21.5
16:59:25,51,24.9
16:59:26,60,29.3
16:59:27,41,20
16:59:28,49,23.9
16:59:29,56,27.3
16:59:30,62,30.3
16:59:31,59,28.8
16:59:32,51,24.9
16:59:33,55,26.9
16:59:34,48,23.4
16:59:35,60,29.3
16:59:36,42,20.5
16:59:37,43,21
16:59:38,60,29.3
16:59:39,51,24.9
16:59:40,59,28.8
16:59:41,45,22
16:59:42,40,19.5
16:59:43,40,19.5
16:59:44,59,28.8
16:59:45,44,21.5
16:59:46,41,20
16:59:47,61,29.8
16:59:48,48,23.4
16:59:49,58,28.3
16:59:50,54,26.4
16:59:51,54,26.4
16:59:52,55,26.9
16:59:53,46,22.5
16:59:54,63,30.8
16:59:55,52,25.4
16:59:56,54,26.4
16:59:57,54,26.4
16:59:58,49,23.9
16:59:59,60,29.3
17:00:00,50,24.4
17:00:01,62,30.3
17:00:02,44,21.5
17:00:03,42,20.5
17:00:04,41,20
17:00:05,41,20
17:00:06,59,28.8
17:00:07,63,30.8
17:00:08,44,21.5
17:00:09,47,22.9
17:00:10,41,20
17:00:11,65,31.7
17:00:12,60,29.3
17:00:13,40,19.5
17:00:14,59,28.8
17:00:15,47,22.9
17:00:16,52,25.4
17:00:17,56,27.3
17:00:18,61,29.8
17:00:19,48,23.4
17:00:20,50,24.4
17:00:21,45,22
17:00:22,54,26.4
17:00:23,48,23.4
17:00:24,52,25.4
17:00:25,43,21
17:00:26,54,26.4
17:00:27,61,29.8
17:00:28,64,31.3
17:00:29,63,30.8
17:00:30,58,28.3
17:00:31,42,20.5
17:00:32,50,24.4
17:00:33,49,23.9
17:00:34,53,25.9
17:00:35,44,21.5
17:00:36,60,29.3
17:00:37,63,30.8
17:00:38,45,22
17:00:39,48,23.4
17:00:40,49,23.9
17:00:41,62,30.3
17:00:42,45,22
17:00:43,58,28.3
17:00:44,42,20.5
17:00:45,55,26.9
17:00:46,56,27.3
17:00:47,44,21.5
17:00:48,64,31.3
17:00:49,47,22.9
17:00:50,48,23.4
17:00:51,49,23.9
17:00:52,57,27.8
17:00:53,42,20.5
17:00:54,47,22.9
17:00:55,63,30.8
17:00:56,62,30.3
17:00:57,57,27.8
17:00:58,53,25.9
17:00:59,42,20.5
17:01:00,64,31.3
17:01:01,56,27.3
17:01:02,57,27.8
17:01:03,43,21
17:01:04,55,26.9
17:01:05,58,28.3
17:01:06,55,26.9
17:01:07,48,23.4
17:01:08,54,26.4
17:01:09,64,31.3
17:01:10,64,31.3
17:01:11,64,31.3
17:01:12,52,25.4
17:01:13,57,27.8
17:01:14,60,29.3
17:01:15,56,27.3
17:01:16,42,20.5
17:01:17,60,29.3
17:01:18,41,20
17:01:19,57,27.8
17:01:20,55,26.9
17:01:21,56,27.3
17:01:22,63,30.8
17:01:23,54,26.4
17:01:24,61,29.8
17:01:25,61,29.8
17:01:26,55,26.9
17:01:27,57,27.8
17:01:28,63,30.8
17:01:29,57,27.8
17:01:30,41,20
17:01:31,42,20.5
17:01:32,65,31.7
17:01:33,59,28.8
17:01:34,53,25.9
17:01:35,42,20.5
17:01:36,56,27.3
17:01:37,53,25.9
17:01:38,58,28.3
17:01:39,40,19.5
17:01:40,59,28.8
17:01:41,45,22
17:01:42,63,30.8
17:01:43,57,27.8
17:01:44,40,19.5
17:01:45,62,30.3
17:01:46,51,24.9
17:01:47,40,19.5
17:01:48,45,22
17:01:49,51,24.9
17:01:50,50,24.4
17:01:51,61,29.8
17:01:52,58,28.3
17:01:53,52,25.4
17:01:54,62,30.3
17:01:55,60,29.3
17:01:56,43,21
17:01:57,60,29.3
17:01:58,48,23.4
17:01:59,61,29.8
17:02:00,59,28.8
17:02:01,48,23.4
17:02:02,60,29.3
17:02:03,59,28.8
17:02:04,58,28.3
17:02:05,48,23.4
17:02:06,42,20.5
17:02:07,60,29.3
17:02:08,59,28.8
17:02:09,52,25.4
17:02:10,55,26.9
17:02:11,51,24.9
17:02:12,50,24.4
17:02:13,61,29.8
17:02:14,56,27.3
17:02:15,43,21
17:02:16,56,27.3
17:02:17,52,25.4
17:02:18,42,20.5
17:02:19,48,23.4
17:02:20,64,31.3
17:02:21,57,27.8
17:02:22,49,23.9
17:02:23,43,21
17:02:24,51,24.9
17:02:25,64,31.3
17:02:26,54,26.4
17:02:27,42,20.5
17:02:28,57,27.8
17:02:29,45,22
17:02:30,62,30.3
17:02:31,51,24.9
17:02:32,51,24.9
17:02:33,45,22
17:02:34,59,28.8
17:02:35,64,31.3
17:02:36,65,31.7
17:02:37,63,30.8
17:02:38,53,25.9
17:02:39,63,30.8
17:02:40,51,24.9
17:02:41,48,23.4
17:02:42,55,26.9
17:02:43,57,27.8
17:02:44,43,21
17:02:45,54,26.4
17:02:46,57,27.8
17:02:47,63,30.8
17:02:48,49,23.9
17:02:49,51,24.9
17:02:50,46,22.5
17:02:51,57,27.8
17:02:52,54,26.4
17:02:53,58,28.3
17:02:54,50,24.4
17:02:55,62,30.3
17:02:56,54,26.4
17:02:57,65,31.7
17:02:58,51,24.9
17:02:59,46,22.5
17:03:00,42,20.5
17:03:01,40,19.5
17:03:02,51,24.9
17:03:03,52,25.4
17:03:04,64,31.3
17:03:05,63,30.8
17:03:06,46,22.5
17:03:07,61,29.8
17:03:08,45,22
17:03:09,42,20.5
17:03:10,41,20
17:03:11,56,27.3
17:03:12,49,23.9
17:03:13,65,31.7
17:03:14,50,24.4
17:03:15,48,23.4
17:03:16,52,25.4
17:03:17,42,20.5
17:03:18,64,31.3
17:03:19,47,22.9
17:03:20,63,30.8
17:03:21,54,26.4
17:03:22,40,19.5
17:03:23,47,22.9
17:03:24,46,22.5
17:03:25,60,29.3
17:03:26,52,25.4
17:03:27,61,29.8
17:03:28,55,26.9
17:03:29,63,30.8
17:03:30,53,25.9
17:03:31,65,31.7
17:03:32,62,30.3
17:03:33,53,25.9
17:03:34,47,22.9
17:03:35,52,25.4
17:03:36,42,20.5
17:03:37,63,30.8
17:03:38,65,31.7
17:03:39,43,21
17:03:40,65,31.7
17:03:41,62,30.3
17:03:42,52,25.4
17:03:43,48,23.4
17:03:44,52,25.4
17:03:45,40,19.5
17:03:46,48,23.4
17:03:47,54,26.4
17:03:48,41,20
17:03:49,59,28.8
17:03:50,41,20
17:03:51,52,25.4
17:03:52,65,31.7
17:03:53,46,22.5
17:03:54,60,29.3
17:03:55,46,22.5
17:03:56,59,28.8
17:03:57,52,25.4
17:03:58,64,31.3
17:03:59,51,24.9
17:04:00,46,22.5
17:04:01,59,28.8
17:04:02,50,24.4
17:04:03,60,29.3
17:04:04,51,24.9
17:04:05,44,21.5
17:04:06,42,20.5
17:04:07,61,29.8
17:04:08,44,21.5
17:04:09,60,29.3
17:04:10,51,24.9
17:04:11,51,24.9
17:04:12,52,25.4
17:04:13,55,26.9
17:04:14,61,29.8
17:04:15,53,25.9
17:04:16,60,29.3
17:04:17,45,22
17:04:18,65,31.7
17:04:19,62,30.3
17:04:20,58,28.3
17:04:21,45,22
17:04:22,56,27.3
17:04:23,47,22.9
17:04:24,48,23.4
17:04:25,55,26.9
17:04:26,48,23.4
17:04:27,55,26.9
17:04:28,41,20
17:04:29,64,31.3
17:04:30,44,21.5
17:04:31,52,25.4
17:04:32,56,27.3
17:04:33,42,20.5
17:04:34,40,19.5
17:04:35,55,26.9
17:04:36,56,27.3
17:04:37,59,28.8
17:04:38,57,27.8
17:04:39,58,28.3
17:04:40,57,27.8
17:04:41,47,22.9
17:04:42,61,29.8
17:04:43,61,29.8
17:04:44,61,29.8
17:04:45,63,30.8
17:04:46,59,28.8
17:04:47,44,21.5
17:04:48,60,29.3
17:04:49,45,22
17:04:50,58,28.3
17:04:51,61,29.8
17:04:52,41,20
17:04:53,60,29.3
17:04:54,52,25.4
17:04:55,65,31.7
17:04:56,51,24.9
17:04:57,47,22.9
17:04:58,54,26.4
17:04:59,55,26.9
17:05:00,57,27.8
17:05:01,64,31.3
17:05:02,55,26.9
17:05:03,59,28.8
17:05:04,62,30.3
17:05:05,64,31.3
17:05:06,64,31.3
17:05:07,51,24.9
17:05:08,55,26.9
17:05:09,64,31.3
17:05:10,49,23.9
17:05:11,53,25.9
17:05:12,64,31.3
17:05:13,58,28.3
17:05:14,59,28.8
17:05:15,49,23.9
17:05:16,41,20
17:05:17,53,25.9
17:05:18,63,30.8
17:05:19,63,30.8
17:05:20,61,29.8
17:05:21,58,28.3
17:05:22,46,22.5
17:05:23,65,31.7
17:05:24,46,22.5
17:05:25,45,22
17:05:26,45,22
17:05:27,64,31.3
17:05:28,60,29.3
17:05:29,41,20
17:05:30,53,25.9
17:05:31,50,24.4
17:05:32,52,25.4
17:05:33,41,20
17:05:34,47,22.9
17:05:35,65,31.7
17:05:36,65,31.7
17:05:37,40,19.5
17:05:38,65,31.7
17:05:39,49,23.9
17:05:40,63,30.8
17:05:41,53,25.9
17:05:42,54,26.4
17:05:43,63,30.8
17:05:44,58,28.3
17:05:45,40,19.5
17:05:46,63,30.8
17:05:47,51,24.9
17:05:48,49,23.9
17:05:49,60,29.3
17:05:50,44,21.5
17:05:51,57,27.8
17:05:52,57,27.8
17:05:53,44,21.5
17:05:54,65,31.7
17:05:55,45,22
17:05:56,41,20
17:05:57,47,22.9
17:05:58,52,25.4
17:05:59,55,26.9
17:06:00,43,21
17:06:01,63,30.8
17:06:02,56,27.3
17:06:03,40,19.5
17:06:04,53,25.9
17:06:05,55,26.9
17:06:06,50,24.4
17:06:07,61,29.8
17:06:08,51,24.9
17:06:09,47,22.9
17:06:10,46,22.5
17:06:11,54,26.4
17:06:12,60,29.3
17:06:13,60,29.3
17:06:14,64,31.3
17:06:15,44,21.5
17:06:16,56,27.3
17:06:17,53,25.9
17:06:18,64,31.3
17:06:19,65,31.7
17:06:20,46,22.5
17:06:21,59,28.8
17:06:22,46,22.5
17:06:23,46,22.5
17:06:24,65,31.7
17:06:25,55,26.9
17:06:26,40,19.5
17:06:27,65,31.7
17:06:28,46,22.5
17:06:29,41,20
17:06:30,43,21
17:06:31,63,30.8
17:06:32,55,26.9
17:06:33,55,26.9
17:06:34,65,31.7
17:06:35,60,29.3
17:06:36,52,25.4
17:06:37,52,25.4
17:06:38,56,27.3
17:06:39,61,29.8
17:06:40,42,20.5
17:06:41,63,30.8
17:06:42,45,22
17:06:43,52,25.4
17:06:44,59,28.8
17:06:45,44,21.5
17:06:46,55,26.9
17:06:47,57,27.8
17:06:48,45,22
17:06:49,61,29.8
17:06:50,53,25.9
17:06:51,59,28.8
17:06:52,54,26.4
17:06:53,45,22
17:06:54,50,24.4
17:06:55,48,23.4
17:06:56,60,29.3
17:06:57,57,27.8
17:06:58,51,24.9
17:06:59,60,29.3
17:07:00,64,31.3
17:07:01,46,22.5
17:07:02,48,23.4
17:07:03,54,26.4
17:07:04,50,24.4
17:07:05,40,19.5
17:07:06,40,19.5
17:07:07,60,29.3
17:07:08,45,22
17:07:09,59,28.8
17:07:10,42,20.5
17:07:11,59,28.8
17:07:12,53,25.9
17:07:13,51,24.9
17:07:14,57,27.8
17:07:15,48,23.4
17:07:16,49,23.9
17:07:17,58,28.3
17:07:18,65,31.7
17:07:19,46,22.5
17:07:20,47,22.9
17:07:21,45,22
17:07:22,63,30.8
17:07:23,41,20
17:07:24,57,27.8
17:07:25,51,24.9
17:07:26,60,29.3
17:07:27,61,29.8
17:07:28,60,29.3
17:07:29,56,27.3
17:07:30,59,28.8
17:07:31,59,28.8
17:07:32,52,25.4
17:07:33,57,27.8
17:07:34,65,31.7
17:07:35,44,21.5
17:07:36,62,30.3
17:07:37,50,24.4
17:07:38,40,19.5
17:07:39,56,27.3
17:07:40,53,25.9
17:07:41,47,22.9
17:07:42,49,23.9
17:07:43,62,30.3
17:07:44,65,31.7
17:07:45,63,30.8
17:07:46,59,28.8
17:07:47,59,28.8
17:07:48,48,23.4
17:07:49,54,26.4
17:07:50,62,30.3
17:07:51,53,25.9
17:07:52,65,31.7
17:07:53,52,25.4
17:07:54,53,25.9
17:07:55,43,21
17:07:56,45,22
17:07:57,41,20
17:07:58,47,22.9
17:07:59,59,28.8
17:08:00,59,28.8
17:08:01,60,29.3
17:08:02,41,20
17:08:03,57,27.8
17:08:04,50,24.4
17:08:05,64,31.3
17:08:06,48,23.4
17:08:07,58,28.3
17:08:08,58,28.3
17:08:09,41,20
17:08:10,44,21.5
17:08:11,52,25.4
17:08:12,45,22
17:08:13,64,31.3
17:08:14,61,29.8
17:08:15,41,20
17:08:16,65,31.7
17:08:17,65,31.7
17:08:18,53,25.9
17:08:19,59,28.8
17:08:20,54,26.4
17:08:21,63,30.8
17:08:22,42,20.5
17:08:23,40,19.5
17:08:24,57,27.8
17:08:25,64,31.3
17:08:26,43,21
17:08:27,53,25.9
17:08:28,51,24.9
17:08:29,64,31.3
17:08:30,45,22
17:08:31,56,27.3
17:08:32,46,22.5
17:08:33,52,25.4
17:08:34,63,30.8
17:08:35,56,27.3
17:08:36,43,21
17:08:37,53,25.9
17:08:38,49,23.9
17:08:39,54,26.4
17:08:40,58,28.3
17:08:41,53,25.9
17:08:42,52,25.4
17:08:43,47,22.9
17:08:44,59,28.8
17:08:45,50,24.4
17:08:46,62,30.3
17:08:47,59,28.8
17:08:48,55,26.9
17:08:49,47,22.9
17:08:50,43,21
17:08:51,46,22.5
17:08:52,44,21.5
17:08:53,59,28.8
17:08:54,45,22
17:08:55,43,21
17:08:56,61,29.8
17:08:57,61,29.8
17:08:58,64,31.3
17:08:59,64,31.3
17:09:00,64,31.3
17:09:01,46,22.5
17:09:02,61,29.8
17:09:03,51,24.9
17:09:04,41,20
17:09:05,47,22.9
17:09:06,42,20.5
17:09:07,62,30.3
17:09:08,52,25.4
17:09:09,41,20
17:09:10,58,28.3
17:09:11,61,29.8
17:09:12,40,19.5
17:09:13,63,30.8
17:09:14,64,31.3
17:09:15,56,27.3
17:09:16,41,20
17:09:17,54,26.4
17:09:18,44,21.5
17:09:19,40,19.5
17:09:20,58,28.3
17:09:21,49,23.9
17:09:22,61,29.8
17:09:23,42,20.5
17:09:24,55,26.9
17:09:25,46,22.5
17:09:26,45,22
17:09:27,46,22.5
17:09:28,59,28.8
17:09:29,46,22.5
17:09:30,51,24.9
17:09:31,44,21.5
17:09:32,44,21.5
17:09:33,40,19.5
17:09:34,40,19.5
17:09:35,44,21.5
17:09:36,57,27.8
17:09:37,46,22.5
17:09:38,45,22
17:09:39,43,21
17:09:40,57,27.8
17:09:41,51,24.9
17:09:42,65,31.7
17:09:43,62,30.3
17:09:44,54,26.4
17:09:45,55,26.9
17:09:46,48,23.4
17:09:47,51,24.9
17:09:48,65,31.7
17:09:49,48,23.4
17:09:50,58,28.3
17:09:51,52,25.4
17:09:52,47,22.9
17:09:53,46,22.5
17:09:54,43,21
17:09:55,49,23.9
17:09:56,52,25.4
17:09:57,43,21
17:09:58,43,21
17:09:59,51,24.9
17:10:00,46,22.5
17:10:01,49,23.9
17:10:02,56,27.3
17:10:03,41,20
17:10:04,45,22
17:10:05,63,30.8
17:10:06,45,22
17:10:07,63,30.8
17:10:08,62,30.3
17:10:09,50,24.4
17:10:10,40,19.5
17:10:11,54,26.4
17:10:12,58,28.3
17:10:13,59,28.8
17:10:14,52,25.4
17:10:15,49,23.9
17:10:16,51,24.9
17:10:17,47,22.9
17:10:18,50,24.4
17:10:19,62,30.3
17:10:20,41,20
17:10:21,55,26.9
17:10:22,59,28.8
17:10:23,44,21.5
17:10:24,61,29.8
17:10:25,49,23.9
17:10:26,56,27.3
17:10:27,55,26.9
17:10:28,55,26.9
17:10:29,43,21
17:10:30,50,24.4
17:10:31,53,25.9
17:10:32,61,29.8
17:10:33,58,28.3
17:10:34,40,19.5
17:10:35,41,20
17:10:36,41,20
17:10:37,56,27.3
17:10:38,63,30.8
17:10:39,45,22
17:10:40,65,31.7
17:10:41,52,25.4
17:10:42,51,24.9
17:10:43,60,29.3
17:10:44,60,29.3
17:10:45,56,27.3
17:10:46,62,30.3
17:10:47,59,28.8
17:10:48,53,25.9
17:10:49,57,27.8
17:10:50,46,22.5
17:10:51,52,25.4
17:10:52,60,29.3
17:10:53,41,20
17:10:54,41,20
17:10:55,59,28.8
17:10:56,63,30.8
17:10:57,58,28.3
17:10:58,54,26.4
17:10:59,61,29.8
17:11:00,62,30.3
17:11:01,43,21
17:11:02,59,28.8
17:11:03,57,27.8
17:11:04,65,31.7
17:11:05,58,28.3
17:11:06,44,21.5
17:11:07,49,23.9
17:11:08,45,22
17:11:09,51,24.9
17:11:10,41,20
17:11:11,41,20
17:11:12,43,21
17:11:13,61,29.8
17:11:14,50,24.4
17:11:15,48,23.4
17:11:16,60,29.3
17:11:17,58,28.3
17:11:18,42,20.5
17:11:19,46,22.5
17:11:20,62,30.3
17:11:21,54,26.4
17:11:22,49,23.9
17:11:23,53,25.9
17:11:24,54,26.4
17:11:25,65,31.7
17:11:26,63,30.8
17:11:27,42,20.5
17:11:28,63,30.8
17:11:29,60,29.3
17:11:30,58,28.3
17:11:31,58,28.3
17:11:32,46,22.5
17:11:33,63,30.8
17:11:34,49,23.9
17:11:35,52,25.4
17:11:36,46,22.5
17:11:37,46,22.5
17:11:38,55,26.9
17:11:39,45,22
17:11:40,51,24.9
17:11:41,58,28.3
17:11:42,40,19.5
17:11:43,65,31.7
17:11:44,42,20.5
17:11:45,62,30.3
17:11:46,40,19.5
17:11:47,63,30.8
17:11:48,63,30.8
17:11:49,40,19.5
17:11:50,56,27.3
17:11:51,47,22.9
17:11:52,42,20.5
17:11:53,55,26.9
17:11:54,41,20
17:11:55,57,27.8
17:11:56,53,25.9
17:11:57,59,28.8
17:11:58,40,19.5
17:11:59,51,24.9
17:12:00,42,20.5
17:12:01,61,29.8
17:12:02,41,20
17:12:03,58,28.3
17:12:04,41,20
17:12:05,52,25.4
17:12:06,51,24.9
17:12:07,62,30.3
17:12:08,46,22.5
17:12:09,60,29.3
17:12:10,61,29.8
17:12:11,62,30.3
17:12:12,51,24.9
17:12:13,48,23.4
17:12:14,64,31.3
17:12:15,61,29.8
17:12:16,45,22
17:12:17,51,24.9
17:12:18,40,19.5
17:12:19,60,29.3
17:12:20,50,24.4
17:12:21,59,28.8
17:12:22,50,24.4
17:12:23,40,19.5
17:12:24,42,20.5
17:12:25,65,31.7
17:12:26,61,29.8
17:12:27,43,21
17:12:28,42,20.5
17:12:29,61,29.8
17:12:30,51,24.9
17:12:31,52,25.4
17:12:32,59,28.8
17:12:33,41,20
17:12:34,45,22
17:12:35,55,26.9
17:12:36,41,20
17:12:37,48,23.4
17:12:38,64,31.3
17:12:39,54,26.4
17:12:40,43,21
17:12:41,48,23.4
17:12:42,48,23.4
17:12:43,61,29.8
17:12:44,48,23.4
17:12:45,56,27.3
17:12:46,56,27.3
17:12:47,51,24.9
17:12:48,58,28.3
17:12:49,46,22.5
17:12:50,42,20.5
17:12:51,55,26.9
17:12:52,49,23.9
17:12:53,48,23.4
17:12:54,62,30.3
17:12:55,46,22.5
17:12:56,59,28.8
17:12:57,49,23.9
17:12:58,54,26.4
17:12:59,51,24.9
17:13:00,58,28.3
17:13:01,42,20.5
17:13:02,42,20.5
17:13:03,65,31.7
17:13:04,52,25.4
17:13:05,50,24.4
17:13:06,56,27.3
17:13:07,53,25.9
17:13:08,49,23.9
17:13:09,58,28.3
17:13:10,48,23.4
17:13:11,40,19.5
17:13:12,63,30.8
17:13:13,52,25.4
17:13:14,41,20
17:13:15,65,31.7
17:13:16,54,26.4
17:13:17,48,23.4
17:13:18,60,29.3
17:13:19,63,30.8
17:13:20,59,28.8
17:13:21,53,25.9
17:13:22,51,24.9
17:13:23,57,27.8
17:13:24,61,29.8
17:13:25,50,24.4
17:13:26,45,22
17:13:27,64,31.3
17:13:28,57,27.8
17:13:29,48,23.4
17:13:30,49,23.9
17:13:31,60,29.3
17:13:32,44,21.5
17:13:33,52,25.4
17:13:34,60,29.3
17:13:35,54,26.4
17:13:36,57,27.8
17:13:37,56,27.3
17:13:38,56,27.3
17:13:39,44,21.5
17:13:40,56,27.3
17:13:41,58,28.3
17:13:42,46,22.5
17:13:43,58,28.3
17:13:44,64,31.3
17:13:45,40,19.5
17:13:46,43,21
17:13:47,50,24.4
17:13:48,52,25.4
17:13:49,41,20
17:13:50,42,20.5
17:13:51,45,22
17:13:52,52,25.4
17:13:53,63,30.8
17:13:54,46,22.5
17:13:55,63,30.8
17:13:56,50,24.4
17:13:57,57,27.8
17:13:58,47,22.9
17:13:59,41,20
17:14:00,44,21.5
17:14:01,47,22.9
17:14:02,51,24.9
17:14:03,50,24.4
17:14:04,65,31.7
17:14:05,57,27.8
17:14:06,42,20.5
17:14:07,64,31.3
17:14:08,56,27.3
17:14:09,48,23.4
17:14:10,62,30.3
17:14:11,43,21
17:14:12,49,23.9
17:14:13,48,23.4
17:14:14,46,22.5
17:14:15,62,30.3
17:14:16,52,25.4
17:14:17,55,26.9
17:14:18,45,22
17:14:19,48,23.4
17:14:20,61,29.8
17:14:21,48,23.4
17:14:22,47,22.9
17:14:23,55,26.9
17:14:24,57,27.8
17:14:25,64,31.3
17:14:26,45,22
17:14:27,53,25.9
17:14:28,41,20
17:14:29,65,31.7
17:14:30,42,20.5
17:14:31,45,22
17:14:32,63,30.8
17:14:33,41,20
17:14:34,51,24.9
17:14:35,40,19.5
17:14:36,62,30.3
17:14:37,45,22
17:14:38,62,30.3
17:14:39,64,31.3
17:14:40,50,24.4
17:14:41,41,20
17:14:42,47,22.9
17:14:43,47,22.9
17:14:44,43,21
17:14:45,54,26.4
17:14:46,62,30.3
17:14:47,42,20.5
17:14:48,59,28.8
17:14:49,43,21
17:14:50,62,30.3
17:14:51,42,20.5
17:14:52,46,22.5
17:14:53,41,20
17:14:54,44,21.5
17:14:55,61,29.8
17:14:56,64,31.3
17:14:57,44,21.5
17:14:58,44,21.5
17:14:59,43,21
17:15:00,63,30.8
17:15:01,61,29.8
17:15:02,55,26.9
17:15:03,55,26.9
17:15:04,63,30.8
17:15:05,54,26.4
17:15:06,48,23.4
17:15:07,53,25.9
17:15:08,41,20
17:15:09,47,22.9
17:15:10,57,27.8
17:15:11,57,27.8
17:15:12,53,25.9
17:15:13,53,25.9
17:15:14,40,19.5
17:15:15,56,27.3
17:15:16,44,21.5
17:15:17,44,21.5
17:15:18,51,24.9
17:15:19,65,31.7
17:15:20,54,26.4
17:15:21,58,28.3
17:15:22,65,31.7
17:15:23,56,27.3
17:15:24,54,26.4
17:15:25,56,27.3
17:15:26,48,23.4
17:15:27,45,22
17:15:28,62,30.3
17:15:29,60,29.3
17:15:30,54,26.4
17:15:31,40,19.5
17:15:32,48,23.4
17:15:33,53,25.9
17:15:34,65,31.7
17:15:35,54,26.4
17:15:36,55,26.9
17:15:37,40,19.5
17:15:38,48,23.4
17:15:39,57,27.8
17:15:40,54,26.4
17:15:41,47,22.9
17:15:42,54,26.4
17:15:43,45,22
17:15:44,47,22.9
17:15:45,57,27.8
17:15:46,44,21.5
17:15:47,64,31.3
17:15:48,60,29.3
17:15:49,62,30.3
17:15:50,48,23.4
17:15:51,63,30.8
17:15:52,49,23.9
17:15:53,62,30.3
17:15:54,46,22.5
17:15:55,62,30.3
17:15:56,56,27.3
17:15:57,64,31.3
17:15:58,47,22.9
17:15:59,40,19.5
17:16:00,45,22
17:16:01,46,22.5
17:16:02,59,28.8
17:16:03,56,27.3
17:16:04,40,19.5
17:16:05,63,30.8
17:16:06,50,24.4
17:16:07,56,27.3
17:16:08,41,20
17:16:09,60,29.3
17:16:10,49,23.9
17:16:11,46,22.5
17:16:12,48,23.4
17:16:13,46,22.5
17:16:14,42,20.5
17:16:15,57,27.8
17:16:16,53,25.9
17:16:17,65,31.7
17:16:18,65,31.7
17:16:19,59,28.8
17:16:20,63,30.8
17:16:21,42,20.5
17:16:22,50,24.4
17:16:23,64,31.3
17:16:24,42,20.5
17:16:25,61,29.8
17:16:26,65,31.7
17:16:27,62,30.3
17:16:28,59,28.8
17:16:29,43,21
17:16:30,48,23.4
17:16:31,63,30.8
17:16:32,57,27.8
17:16:33,63,30.8
17:16:34,64,31.3
17:16:35,57,27.8
17:16:36,54,26.4
17:16:37,58,28.3
17:16:38,46,22.5
17:16:39,40,19.5
17:16:40,49,23.9
17:16:41,63,30.8
17:16:42,41,20
17:16:43,49,23.9
17:16:44,47,22.9
17:16:45,44,21.5
17:16:46,56,27.3
17:16:47,53,25.9
17:16:48,61,29.8
17:16:49,48,23.4
17:16:50,41,20
17:16:51,54,26.4
17:16:52,48,23.4
17:16:53,57,27.8
17:16:54,51,24.9
17:16:55,54,26.4
17:16:56,50,24.4
17:16:57,61,29.8
17:16:58,49,23.9
17:16:59,48,23.4
17:17:00,60,29.3
17:17:01,58,28.3
17:17:02,41,20
17:17:03,44,21.5
17:17:04,49,23.9
17:17:05,43,21
17:17:06,44,21.5
17:17:07,59,28.8
17:17:08,65,31.7
17:17:09,61,29.8
17:17:10,40,19.5
17:17:11,48,23.4
17:17:12,61,29.8
17:17:13,58,28.3
17:17:14,50,24.4
17:17:15,58,28.3
17:17:16,61,29.8
17:17:17,63,30.8
17:17:18,49,23.9
17:17:19,58,28.3
17:17:20,60,29.3
17:17:21,65,31.7
17:17:22,57,27.8
17:17:23,53,25.9
17:17:24,42,20.5
17:17:25,49,23.9
17:17:26,48,23.4
17:17:27,40,19.5
17:17:28,59,28.8
17:17:29,45,22
17:17:30,55,26.9
17:17:31,40,19.5
17:17:32,63,30.8
17:17:33,64,31.3
17:17:34,63,30.8
17:17:35,50,24.4
17:17:36,61,29.8
17:17:37,57,27.8
17:17:38,47,22.9
17:17:39,47,22.9
17:17:40,65,31.7
17:17:41,56,27.3
17:17:42,60,29.3
17:17:43,49,23.9
17:17:44,56,27.3
17:17:45,51,24.9
17:17:46,48,23.4
17:17:47,59,28.8
17:17:48,61,29.8
17:17:49,49,23.9
17:17:50,42,20.5
17:17:51,55,26.9
17:17:52,40,19.5
17:17:53,62,30.3
17:17:54,56,27.3
17:17:55,43,21
17:17:56,46,22.5
17:17:57,61,29.8
17:17:58,48,23.4
17:17:59,58,28.3
17:18:00,53,25.9
17:18:01,47,22.9
17:18:02,61,29.8
17:18:03,61,29.8
17:18:04,48,23.4
17:18:05,42,20.5
17:18:06,65,31.7
17:18:07,53,25.9
17:18:08,51,24.9
17:18:09,60,29.3
17:18:10,64,31.3
17:18:11,58,28.3
17:18:12,65,31.7
17:18:13,61,29.8
17:18:14,62,30.3
17:18:15,63,30.8
17:18:16,57,27.8
17:18:17,53,25.9
17:18:18,60,29.3
17:18:19,46,22.5
17:18:20,52,25.4
17:18:21,41,20
17:18:22,62,30.3
17:18:23,65,31.7
17:18:24,53,25.9
17:18:25,56,27.3
17:18:26,62,30.3
17:18:27,58,28.3
17:18:28,56,27.3
17:18:29,51,24.9
17:18:30,59,28.8
17:18:31,54,26.4
17:18:32,55,26.9
17:18:33,58,28.3
17:18:34,60,29.3
17:18:35,64,31.3
17:18:36,54,26.4
17:18:37,51,24.9
17:18:38,58,28.3
17:18:39,49,23.9
17:18:40,57,27.8
17:18:41,45,22
17:18:42,52,25.4
17:18:43,60,29.3
17:18:44,63,30.8
17:18:45,47,22.9
17:18:46,47,22.9
17:18:47,50,24.4
17:18:48,53,25.9
17:18:49,53,25.9
17:18:50,50,24.4
17:18:51,64,31.3
17:18:52,64,31.3
17:18:53,45,22
17:18:54,43,21
17:18:55,65,31.7
17:18:56,63,30.8
17:18:57,63,30.8
17:18:58,63,30.8
17:18:59,57,27.8
17:19:00,45,22
17:19:01,57,27.8
17:19:02,46,22.5
17:19:03,64,31.3
17:19:04,60,29.3
17:19:05,46,22.5
17:19:06,54,26.4
17:19:07,64,31.3
17:19:08,41,20
17:19:09,56,27.3
17:19:10,42,20.5
17:19:11,65,31.7
17:19:12,50,24.4
17:19:13,50,24.4
17:19:14,61,29.8
17:19:15,51,24.9
17:19:16,46,22.5
17:19:17,50,24.4
17:19:18,40,19.5
17:19:19,57,27.8
17:19:20,40,19.5
17:19:21,57,27.8
17:19:22,43,21
17:19:23,40,19.5
17:19:24,46,22.5
17:19:25,56,27.3
17:19:26,63,30.8
17:19:27,60,29.3
17:19:28,55,26.9
17:19:29,45,22
17:19:30,47,22.9
17:19:31,45,22
17:19:32,62,30.3
17:19:33,41,20
17:19:34,58,28.3
17:19:35,41,20
17:19:36,55,26.9
17:19:37,40,19.5
17:19:38,45,22
17:19:39,45,22
17:19:40,44,21.5
17:19:41,52,25.4
17:19:42,41,20
17:19:43,48,23.4
17:19:44,57,27.8
17:19:45,50,24.4
17:19:46,52,25.4
17:19:47,46,22.5
17:19:48,60,29.3
17:19:49,65,31.7
17:19:50,41,20
17:19:51,48,23.4
17:19:52,56,27.3
17:19:53,52,25.4
17:19:54,50,24.4
17:19:55,45,22
17:19:56,56,27.3
17:19:57,47,22.9
17:19:58,46,22.5
17:19:59,42,20.5
17:20:00,60,29.3
17:20:01,43,21
17:20:02,44,21.5
17:20:03,53,25.9
17:20:04,65,31.7
17:20:05,58,28.3
17:20:06,50,24.4
17:20:07,49,23.9
17:20:08,41,20
17:20:09,55,26.9
17:20:10,45,22
17:20:11,57,27.8
17:20:12,53,25.9
17:20:13,59,28.8
17:20:14,62,30.3
17:20:15,50,24.4
17:20:16,44,21.5
17:20:17,46,22.5
17:20:18,60,29.3
17:20:19,64,31.3
17:20:20,56,27.3
17:20:21,61,29.8
17:20:22,43,21
17:20:23,55,26.9
17:20:24,65,31.7
17:20:25,56,27.3
17:20:26,54,26.4
17:20:27,58,28.3
17:20:28,47,22.9
17:20:29,52,25.4
17:20:30,64,31.3
17:20:31,43,21
17:20:32,53,25.9
17:20:33,52,25.4
17:20:34,46,22.5
17:20:35,56,27.3
17:20:36,60,29.3
17:20:37,61,29.8
17:20:38,50,24.4
17:20:39,63,30.8
17:20:40,43,21
17:20:41,44,21.5
17:20:42,41,20
17:20:43,61,29.8
17:20:44,58,28.3
17:20:45,57,27.8
17:20:46,64,31.3
17:20:47,49,23.9
17:20:48,52,25.4
17:20:49,40,19.5
17:20:50,53,25.9
17:20:51,55,26.9
17:20:52,56,27.3
17:20:53,58,28.3
17:20:54,59,28.8
17:20:55,50,24.4
17:20:56,45,22
17:20:57,55,26.9
17:20:58,52,25.4
17:20:59,55,26.9
17:21:00,59,28.8
